:020000040800F2
:100000007878002069020008C9590008F9440008FE
:10001000C55900081D0800082594000800000000CC
:10002000000000000000000000000000F16900086E
:10003000710E000800000000715B0008156A0008DE
:10004000830200088302000883020008830200087C
:100050008302000883020008750E0008830200086E
:10006000830200087D0E0008850E00088302000848
:10007000830200088302000883020008830200084C
:10008000830200088302000883020008830200083C
:100090002108000883020008830200088D0E000872
:1000A000830200088302000883020008830200081C
:1000B000016B000883020008830200088302000825
:1000C00083020008830200088302000883020008FC
:1000D00083020008830200088302000883020008EC
:1000E00083020008830200088302000883020008DC
:1000F00083020008830200088302000883020008CC
:1001000083020008830200088302000883020008BB
:1001100083020008830200088302000883020008AB
:100120008302000883020008A1090008650E000888
:10013000830200088302000883020008830200088B
:100140002D0800088302000883020008CD5900082A
:10015000830200088302000883020008830200086B
:10016000830200088302000883020008830200085B
:1001700083020008830200088302000800000000D8
:10018000830200088302000800F002F800F05CF827
:100190000AA090E8000C82448344AAF10107DA45E2
:1001A00001D100F051F8AFF2090EBAE80F0013F0D8
:1001B000010F18BFFB1A43F0010318476CDB000066
:1001C0008CDB00000A444FF0000C10F8013B13F0E8
:1001D000070408BF10F8014B1D1108BF10F8015BA0
:1001E000641E05D010F8016B641E01F8016BF9D193
:1001F00013F0080F1EBF10F8014BAD1C0C1B09D1EA
:100200006D1E58BF01F801CBFAD505E014F8016B5B
:1002100001F8016B6D1EF9D59142D6D370470000ED
:100220000023002400250026103A28BF78C1FBD8FF
:10023000520728BF30C148BF0B6070471FB50DF093
:1002400060FC1FBD10B510BD00F00AF91146FFF7A4
:10025000F5FF0AF027F900F028F903B4FFF7F2FFE1
:1002600003BC00F02BF9000009488047094800470B
:10027000FEE7FEE7FEE7FEE7FEE7FEE7FEE7FEE756
:10028000FEE7FEE704480549054A064B70470000B3
:10029000ED6A000889010008787200207878002053
:1002A000787400207874002053EA020C00F0698012
:1002B0002DE9F04B4FF00006002B1FBFB3FA83F57A
:1002C00003FA05F424FA05F65E4012BF1643B2FAAB
:1002D00082F502FA05F4C5F120051EBF22FA05FCDD
:1002E00044EA0C04203556EA044C4FEA144418BF83
:1002F000641C4FF000084FF00009904271EB030CB2
:1003000039D3002919BFB1FA81F701FA07F6B0FA1B
:1003100080F700FA07F6C7F120071EBF20FA07FC96
:1003200046EA0C062037B6FBF4FCA7EB0507103FA6
:1003300007F01F0BCBF120062CFA06F60CFA0BFB8C
:1003400044BFB3460026202FA4BF5E464FF0000BEB
:100350005BEA060C08BF4FF0010B19EB0B0948EBE9
:100360000608ABFB027C06FB02CC0BFB03CCC01BDC
:1003700071EB0C01C1E70B46024641464846BDE819
:10038000F08B13B5084318BF4FF0FF300146AFF3B1
:100390000080BDE81C40704710B5431C02E010F817
:1003A000011B71B18107FAD14FF0013202C88C1ADA
:1003B0008C4314EAC211F9D0C01A0A0603D0C01E39
:1003C00010BDC01A10BD0A0401D0801E10BD090264
:1003D000FCD0401E10BD02F0FF0343EA032242EAB4
:1003E000024200F002B84FF0000200B513469446F6
:1003F0009646203922BFA0E80C50A0E80C50B1F17D
:100400002001BFF4F7AF090728BFA0E80C5048BF90
:100410000CC05DF804EB890028BF40F8042B08BF2E
:10042000704748BF20F8022B11F0804F18BF00F82A
:10043000012B704770477047704710B500F008F8FF
:10044000006810BD10B5044600F002F8046010BD4D
:1004500000487047500100200048704750010020BC
:100460007546FFF7F9FFAE4605006946534620F092
:100470000700854618B020B5FFF704FFBDE820400F
:100480004FF000064FF000074FF000084FF0000B50
:10049000AC46ACE8C009ACE8C009ACE8C009ACE8BF
:1004A000C00921F007018D46704710B50446AFF32F
:1004B00000802046BDE81040FFF7CFBE014918205C
:1004C000ABBEFEE726000200704700000020C4F229
:1004D00002001021012201F0DBBB00000020C4F269
:1004E00002001021002201F0D3BB00007047000081
:1004F00040F20040C4F202000121012201F0C8BB19
:1005000040F20040C4F202000121002201F0C0BB11
:10051000B0F9003040F2200CC2F2000C00EE103AAC
:100520009CED001AB8EEC00A21EE000A81ED000A27
:10053000B0F902309CED001A00EE103AB8EEC00A95
:1005400021EE000A81ED010AB0F9043000EE103A04
:10055000B8EEC00A21EE000A81ED020AC379817962
:10056000007A1B0243EA0040084400EE100A9FEDA7
:10057000041AB8EE400A20EE010A82ED000A704724
:1005800000401C42704700000AF0B8B809F026BDD0
:10059000B0F9002000EE102A40F22002C2F2000260
:1005A00092ED011AB8EEC00A21EE000A81ED000AB0
:1005B000B0F9023092ED011A00EE103AB8EEC00A1E
:1005C00021EE000A81ED010AB0F9040000EE100AE4
:1005D000B8EEC00A21EE000A81ED020A7047000061
:1005E00010B5FFF783FFFFF7CDFF09F06BF808B1F7
:1005F000802402E008F018FF044609F099FB002867
:100600001CBF44F0400010BD09F088FA204310BD23
:100610002DE9F04F83B002920E460190FFF75EFF86
:10062000922000F0C5F8922000F0C2F8552000F0AA
:10063000BFF88046552000F0BBF88346552000F0F7
:10064000B7F88246552000F0B3F80446552000F074
:10065000AFF80746552000F0ABF80546FFF736FF28
:1006600048EA0B2040F2200900B2C2F2000900EE75
:10067000100A99ED001AB8EEC00A4AEA042021EEE9
:10068000000A00B286ED000A00EE100A47EA0520D3
:1006900000B299ED001A02EE100AB8EEC00AB8EEE8
:1006A000C22A21EE000A21EE021A86ED010A86ED29
:1006B000021AFFF725FF802000F07AF8552000F09D
:1006C00077F80646552000F073F8552000F070F8D2
:1006D0008246552000F06CF80546552000F068F879
:1006E0008346552000F064F80446552000F060F879
:1006F0000746552000F05CF88046FFF7F9FE0F2E04
:1007000025D14AEA052000B200EE100A99ED011A3F
:10071000B8EEC00A01994BEA042021EE000A00B2AB
:1007200081ED000A00EE100A47EA082000B299EDB8
:10073000011A02EE100AB8EEC00AB8EEC22A21EE83
:10074000000A21EE021A81ED010A81ED021AFFF77B
:10075000C5FEA22000F02CF8A22000F029F85520B8
:1007600000F026F80446552000F022F80546FFF771
:10077000ADFEE00040EA55104FF600010022CFF632
:10078000FF71B2EB902F18BF084300EE100AB8EECD
:10079000C00AB4EE001A20EE010AB3EE071A02985E
:1007A00030EE010A80ED000A03B0BDE8F08F0000D2
:1007B00080B582B08DF8070042F288104FF47A7C41
:1007C000C2F200000DF107010DF106020123CDF880
:1007D00000C003F04BFA9DF8060002B080BD000097
:1007E00002784078D20042EA50104FF6000200230F
:1007F000CFF6FF72B3EB902F18BF104300EE100A34
:10080000B8EEC00AB4EE001A20EE010AB3EE071AE1
:1008100030EE010A81ED000A70470000FEE700009B
:1008200041F64030C2F2000000F0AEBC41F6683044
:10083000C2F2000000F0A8BCB0B582B040F2782C43
:10084000C2F2000C4FEA102E0CF808EF8CF80100F1
:10085000080A8CF80200100A4FF40074E6468CF87F
:100860000400180A4EF8204F8CF8060041F640307C
:10087000002408258CF803108CF805208CF807302C
:10088000C2F2000001AB71466246CCE90A44CCF8E2
:10089000305000F01BFB02B0B0BD0000B0B582B01C
:1008A00040F2782CC2F2000C40F2FF14E6464EF8FB
:1008B000104F0024CCE90644040A8CF80100080A11
:1008C0008CF80200100A8CF80400180A8CF8060054
:1008D00041F6403008258CF803108CF805208CF880
:1008E0000730C2F2000001AB71466246CCF82050DE
:1008F0008CF8004000F0EAFA02B0B0BD002070476A
:100900000020704710B541F66404C2F2000441F2C1
:100910006401C2F200012046002206F067FB40F6A7
:100920006401C2F20001204606F052FB002010BD17
:10093000B0B541F66405C2F200050C4601462846F2
:1009400006F046FB284606F01DFB206845F6D471EC
:10095000C2F20001A1F800080122002081F802285B
:10096000B0BD00000020704710B541F66402C2F22D
:100970000002D2F8BC22D2F81432002B1CBF012096
:1009800010BD41F66404C2F200040A460146204646
:1009900006F02CFB2046BDE8104006F0B5BB000079
:1009A000AFF30080B0B542F28810C2F20000C16C13
:1009B00046F2A040C4F202000968A0F14802914248
:1009C00026D946F29F0350F89C2CC4F202039942A8
:1009D0004FF020036CDD46F23F45C4F20205A94208
:1009E00000F3808046F2A005C4F20205A94200F09F
:1009F000AF8046F21045C4F20205A94200F0D5804E
:100A000046F22843C4F20203994200F0CC808BE105
:100A100046F25802C4F2020202F16003994223D95D
:100A200046F29F03D2F8A823C4F2020399424FF082
:100A3000200340F3938046F23F45C4F20205A942E9
:100A400000F3D68046F2A005C4F20205A94200F0E8
:100A5000F78046F21045C4F20205A94200F03E813B
:100A600046F2284334E100BF46F29F059142C4F2AA
:100A700002054FD952F854CCA9424FF020044FDC64
:100A800046F23F05C4F20205A94240F3E58046F272
:100A90004005C4F20205A94200F0D88046F2700574
:100AA000C4F20205A94200F0E68046F28805DBE0C8
:100AB00046F23F05C4F20205A94267DD46F2400551
:100AC000C4F20205A94243D046F27005C4F2020501
:100AD000A9426AD046F28803C4F20203994214D0B4
:100AE00022E100BF46F24045C4F20205A9422FD0E0
:100AF00046F27045C4F20205A94256D046F2884338
:100B0000C4F20203994240F00F814FF40063134294
:100B10004ED140E152F858CCA9424FF02004AFDD4D
:100B200046F23F45C4F20205A94279DC46F2A0052F
:100B3000C4F20205A94200F0898046F21045C4F2D1
:100B40000205A94200F0978046F228458CE000BFDC
:100B50004FF4001313422BD11DE100BF46F23F05B5
:100B6000C4F20205A94240F3AB8046F24005C4F24C
:100B70000205A94264D046F27005C4F20205A942FA
:100B800000F0AC8046F2880340E000BF46F210055A
:100B9000C4F20205A94208D046F22803C4F20203B7
:100BA000994240F0C1804FF40063134200F0F3809B
:100BB00046F27042C4F2020291420BD046F28842E1
:100BC000C4F20202914209D14FF4006240F8942C21
:100BD000F2E000BF202240F8942CEDE04FF00062DC
:100BE000814208BF4FF4001240F8942CE4E000BFAB
:100BF00046F24045C4F20205A94221D046F27045B2
:100C0000C4F20205A94269D046F28843C4F2020345
:100C1000994240F0AB804FF40063134260D1BAE0D8
:100C200046F24045C4F20205A9420FD046F2704593
:100C3000C4F20205A9421ED046F2884514E000BF66
:100C40004FF4001313424BD1A5E000BF4FF4001442
:100C500004EA0C05A5B99EE046F21005C4F20205AF
:100C6000A94208D046F22805C4F20205A94240F084
:100C700087804FF4006404EA0C05002D00F08B809F
:100C800099422DD8914259D946F27000C4F202001F
:100C9000814200F0818046F28800C4F20200814265
:100CA00000F07E8046F2A000C4F2020081420CBF38
:100CB0004FF400104FF0006042F84C0C7CE000BF95
:100CC00046F21005C4F20205A94207D046F22803F5
:100CD000C4F20203994249D14FF4006313425AD03F
:100CE00046F21042C4F20202914219D046F2284262
:100CF000C4F2020291420DD046F24042C4F2020216
:100D000091420CBF4FF400114FF0006140F8981C65
:100D100052E000BF4FF4006140F8981C4CE000BF67
:100D2000202140F8981C47E04FF00063814208BF43
:100D30004FF4001313427FF43BAF2CE046F2100057
:100D4000C4F20200814231D046F22800C4F202000F
:100D500081422DD046F24000C4F2020081420CBF15
:100D60004FF400104FF0006024E000BF4FF000632C
:100D7000814208BF4FF400131342B1D10BE000BF12
:100D80004FF00064814208BF4FF4001404EA0C05E0
:100D9000002D7FF475AFB0BD202042F84C0C0BE065
:100DA0004FF4006042F84C0C06E000BF202001E048
:100DB0004FF4006042F8500C40F2FC25C2F20005EE
:100DC000287800248007C4F2020429D468788007B8
:100DD00037D4A87880070CD5A878102100F0FD0042
:100DE000A870A878012240F00400A870204600F006
:100DF0004FFF09F0EBF92878400758BFB0BD2878BD
:100E000000F0FB002870287840F00800287043F6B6
:100E10001040C4F20100016841F001010160B0BD61
:100E20002878012100F0FD0028702878012240F088
:100E30000400287004F5806000F02AFF68788007BD
:100E4000C7D56878102100F0FD006870687801222D
:100E500040F004006870204600F01AFFA878800770
:100E6000C7D5B9E741F6F030C2F2000000F03ABC55
:100E700070470000012000F021BE0000082000F0B3
:100E80001DBE0000102000F019BE0000202000F060
:100E900015BE000072B600BFFEE7000090F82020EB
:100EA000013A012A08D8006800F1140200201368F2
:100EB00019431160704700BF00F1240201204FF474
:100EC00080211368194311607047000010B590F835
:100ED00020E0D0F800C0AEF1010EBEF1010FDCF849
:100EE00008E00FD81EF0E05F16D0CEF3016E0120AF
:100EF00000FA0EF018608B68C3B1486843EAC0037B
:100F000016E000BF00F1240101204FF480220B689D
:100F10001A430A6010BD00BF00F1240101204FF404
:100F200000120B681A430A6010BD00BF0868430531
:100F3000D1E9030403430CEB0E10C0F88031C0F874
:100F40008441097D012905D100F5C2710B6843F484
:100F500080730B605168C0F88C11126800F5C07185
:100F6000C0F88821002001220B681A430A6010BDD6
:100F7000B0B590F82020013A012A2FD846F200603F
:100F8000C4F20000026842F001020260026822F42A
:100F90007C520260D1F814E0CC694A6A0368012CE3
:100FA00043EA022202600EF01F024FF0010303FA2F
:100FB00002F2C3696FEA020C23EA0203C36113D091
:100FC0002CBBC36803EA0C03C360CB688C8844EA7B
:100FD000034300EBCE0423640B4611E0416A41F465
:100FE000802141620120B0BDC3681343C3600B6818
:100FF0008C8844EA034300EBCE04236401F10C0324
:101000008C681B8843EA044300EBCE0463644368A6
:101010008D6943EA0204D1F810E0096A002D08BF87
:1010200003EA0C0444604369BEF1000F43EA020482
:1010300008BF03EA0C040129446102D1C1691143CC
:10104000C161016821F0010101600020B0BD000014
:101050007047000010B590F82040013C012C7BD86F
:10106000D0F800C0002900F08180DCF81040A4070F
:1010700000F081800CEB011CDCF8B0410CF5D87E4F
:1010800014F004049460DCF8B04119BFE408546023
:10109000640D1460DEF800400CF5DA7E04F0020402
:1010A000D460DCF8B44124075ABFDEF8004004F0F5
:1010B0000F0408241461DEF800400029C4F307245B
:1010C0009461DEF800404FEA14445461DCF8B82122
:1010D0001A70026802EB0112D2F8B8214FEA12220C
:1010E0005A70026802EB0112D2F8B8214FEA12429C
:1010F0009A70026802EB0112D2F8B8214FEA12622C
:10110000DA70026802EB0112D2F8BC211A7102688F
:1011100002EB0112D2F8BC214FEA12225A71026886
:1011200002EB0112D2F8BC214FEA12429A71026816
:1011300002EB0112D2F8BC214FEA1262DA710068A8
:1011400014BF00F1100100F10C01002020220B68F7
:101150001A430A6010BD00BF00F1240101204FF4C2
:1011600080220B681A430A6010BD00BFDCF80C40F7
:10117000A4077FF47FAF00F1240101204FF4001297
:101180000B681A430A6010BD2DE9F04F81B0044688
:1011900000684669D0F804908768D0F80CB0D0F8A1
:1011A00010A0D0F81880F10704D1002530071DD415
:1011B00024E000BFF90710D00121BA07816009D4EB
:1011C000780700F1AF80380700F1B680204600F0C4
:1011D0007BFA02E0204600F079FA0025F80500F1DC
:1011E0008780F80300F1B180300707D51BF01000AD
:1011F00004D0206845F400751021C160700708D53F
:101200001BF0080005D020680821C160204600F0CE
:10121000F5F9B00706D52068C068800702D02046DF
:1012200000F0EEF9700607D51AF0100004D020681F
:1012300045F4806510210161B00608D51AF0080058
:1012400005D0206808210161204600F009FAF00667
:1012500006D520680069800702D0204600F002FA17
:10126000B00308D519F0100005D0206810214160A6
:10127000204600F0F9F9F00308D519F0080005D070
:10128000206808214160204600F02AFA300440F12D
:101290009B805FEA497040F1948006F4807008EA10
:1012A000102028435FEA8871014648BF41F00201DF
:1012B000B20558BF01465FEA48700D4648BF45F089
:1012C0000405700558BF0D46300540F17A8018F0CE
:1012D000700000F076801038000905286CD8DFE82F
:1012E00000F003595D61656945F0080564E000BFE1
:1012F00020684FF48071BA0581600BD4780515D44D
:1013000038051DD4204600F0E3F9F8037FF56CAFF3
:101310001BE000BF204600F0DDF9F8037FF564AF65
:1013200013E000BF4FF4006558E700BF05F5005516
:10133000F8037FF559AF08E04FF480554EE700BF42
:1013400005F58045F8037FF54FAF20684FF48031F5
:10135000BA0381600AD4780310D4380314D4204629
:1013600000F0BAF930073FF541AF47E7204600F0FB
:10137000B5F930073FF53AAF40E700BF05F5004546
:1013800030073FF533AF39E705F5803530073FF5D6
:101390002DAF33E745F010050EE000BF45F0200506
:1013A0000AE000BF45F0400506E000BF45F08005BB
:1013B00002E000BF45F480752068816921F070016A
:1013C000816120680421416055B1606A40EA0501ED
:1013D0002046616201B0BDE8F04FFFF739BE00BFA3
:1013E00001B0BDE8F08F0000B0B5C8B1044690F878
:1013F000200010B9204600F071F82068016841F023
:101400000101016000F04AFC054600BF2068416808
:10141000C90707D100F042FC401B0B28F6D312E0AD
:101420000120B0BD016821F00201016000F036FC2E
:10143000054600BF2068416889070DD500F02EFCE5
:10144000401B0B28F6D3606A052140F4003060622F
:10145000012084F82010B0BD217E0268012922F00D
:10146000800208BF80320260617E0268012922F09A
:10147000400208BF40320260A17E0268012922F0CA
:10148000200208BF20320260E17E0268012922F0BA
:10149000100218BF10320260217F0268012922F079
:1014A000080208BF08320260617F0268012922F049
:1014B000040208BF04320260D4E901C2D4E9033552
:1014C00061691A432A431143ACF101021143C1611E
:1014D00000200121606284F82010B0BD10B586B0F4
:1014E000006846F60002C4F2000200219042CDE9F5
:1014F0000411CDE90211019134D046F20041C4F249
:101500000001884277D140F23C41C2F200010A68F2
:1015100043F64000C4F20200531C0B6052B9002194
:101520000091016841F000710160016801F00071F3
:10153000009100990021009150F8101C142441F0F2
:10154000080140F8101C50F8100C00F00800009042
:1015500000980320019040F20040C4F2020000F520
:10156000006035E043F64000C4F2020000910168DB
:1015700041F080610160016801F080610091009993
:1015800040F23C41C2F200010A68531C0B6052B9A0
:1015900000210091016841F000710160016801F0D3
:1015A0000071009100990021009150F8101C402416
:1015B00041F0020140F8101C50F8100C00F002003D
:1015C000009000986020019040F20040C4F20200B8
:1015D0000221029100210391032104910921059127
:1015E00001A900F077FA20460521002200F000FF53
:1015F000204600F0EDFE06B010BD00007047000070
:1016000080B58AB003AA01AB0021FFF723FD039840
:10161000A0F20121062920D80138C1B2BDF804206A
:10162000890051FA80F042F2722112BAC2F200012E
:10163000120C31F8103021F8102001EB4000BDF8F9
:101640000610BDF8082009BA090C418011BA9DF8AE
:101650000A20090C0381818082710AB080BD0000DC
:10166000704700007047000070470000B0B50446A6
:1016700090F8200001281DD1022084F82000206865
:10168000016821F00101016000F008FB054600BF80
:1016900020684068C00713D000F000FB401B0B28F7
:1016A000F6D3606A40F400306062052084F82000C0
:1016B0000120B0BD606A40F4002060620120B0BD2E
:1016C00000206062B0BD000070470000704700005D
:1016D000704700007047000070470000704700002E
:1016E00070470000F0B581B004460020009040F241
:1016F0007000C2F200000268D4E9166048F2B51327
:1017000037680821C1F64E3381403942A2FB0325D8
:101710000CD0226813685B0708D5136823F0040314
:101720001360B160616D41F001016165012181408B
:10173000394208D022685269120604D5B160616D41
:1017400041F00201616504218140394208D02268DC
:101750001268920704D5B160616D41F004016165C2
:1017600010218140394217D020680268120713D532
:10177000B16002680168520308D4C90508D4016841
:1017800021F008010160216C21B905E008033FD474
:10179000216C09B120468847E16D202000FA01F252
:1017A0003A4241D020680368DB063DD5B26094F828
:1017B00035300268052B1BD122F016020260426907
:1017C00022F080024261226C0AB9A26C1AB102684E
:1017D00022F0080202603F208840B060012084F8B7
:1017E0003500216D0020002984F8340052D157E0E3
:1017F0000168520310D4C90512D4016821F0100108
:101800000160012084F83500002084F8340007E0EE
:10181000A16C0029BED1BFE7080301D4616C00E0D0
:10182000E16B09B120468847606DC8B3606DC007A1
:101830002ED0052084F835002068A90A026822F01D
:1018400001020260009A01328A4200921AD80268AC
:10185000D20717D0009A01328A42009212D8026849
:10186000D2070FD0009A01328A4200920AD8026849
:10187000D20707D0009A01328A42009202D8026849
:10188000D207DFD1012084F83500002084F834002D
:10189000E16C29B1204601B0BDE8F040084700BF27
:1018A00001B0F0BD2DE9F041044600F0F7F9002C3D
:1018B0004ED00546022084F835000020216884F8C7
:1018C0003400086820F0010008600868C00708D0EC
:1018D00000F0E4F9401B05286CD821680868C007AF
:1018E000F6D1086848F23F02CFF21002D4E9013580
:1018F000024004F10C0E9EE8C1511A432A431043E2
:101900003043384340EA0800626A40EA0C00042A87
:1019100040EA0E0320D1D4E90A5E206B4EEA0302AE
:10192000104308604869BEF1000F20F0030040EA50
:10193000050040F0040C15D0B8F5005F42D0B8F1B6
:10194000000F51D1022D52D0012D47D055B94EE094
:101950000120BDE8F08100BF0B60486920F007005E
:1019600040EA020C6FF00F004AF6AB2250FA81F009
:10197000CAF6AA22A0FB02231A094DF6CE43C0F6EE
:1019800000039A5C40F2FF335F284FF03F00C1F83C
:1019900014C021EA030100FA02F088BF0431C4E94F
:1019A00016128860002301220020636584F8352028
:1019B000BDE8F081032220230320636584F83520ED
:1019C000BDE8F081032DCDD8012240230120DFE8BE
:1019D00005F0030E030500BFE7E700BFAEF1C070DE
:1019E000B0FA80F0400904E0032D04D3BAD1CEF35D
:1019F00000600028B6D0012240230120636584F8EE
:101A00003520BDE8F0810000B0B5044600F046F98D
:101A1000054640F20000C2F200000078611C18BFC9
:101A2000044400BF00F03AF9401BA042FAD3B0BD15
:101A300010B5012824D0202814D010283CD140F221
:101A4000FC20C2F20000417841F001014170817830
:101A500041F001018170C07870B3BDE8104008F01A
:101A6000B5BB00BF40F2FC20C2F20000017841F09B
:101A700001010170C078F8B1BDE8104008F0A6BBC4
:101A80000AF0DCFA012817D040F2FC24C2F200046C
:101A9000A06804F1100109F06BFB2069002808BF61
:101AA00010BD4EF60450CEF200004FF080510160A0
:101AB000BFF34F8FBFF36F8F10BD000043F614418B
:101AC000C4F201010A68024214BF08607047FFF7C0
:101AD000AFBF00002DE9F04F82B000F13E4241F669
:101AE000004502F1FF77C4F2020508224FEAB7264B
:101AF000A84208BF0722072E38BF4FEAB7224FF08F
:101B0000010A002400274FF00008009208E000BFFF
:101B1000023708F10108202F04F1040400F0B4801A
:101B20000E680AFA08F916EA090FF1D0D1F804A0F4
:101B30000AF0030BABF10106012E17D803228668C9
:101B400002FA07FECA6826EA0E06BA4032438260ED
:101B50004268CAF3001522EA090205FA08F54FEABD
:101B6000480C6FEA0E062A4342600BE00322BA409B
:101B7000D643BBF1030FBC4604D1BC464FF0030B68
:101B800022E000BFC2688D68324005FA0CF52A4396
:101B9000BBF1020FC26017D16FF0030202EA5802D4
:101BA000024404F01C030F25D2F820E005FA03FAE2
:101BB0000D692EEA0A0E05FA03F343EA0E031362D7
:101BC000D1F804A00AF0030B02680BFA0CF33240C0
:101BD0001A431AF4403F4FF0010A026098D00022E5
:101BE00043F644030192C4F202031A6843F6004E1E
:101BF00042F480421A601A68C4F2010E02F4804274
:101C00000192019A28F003024FF6084C7244CFF675
:101C1000FF7C52F80C3004F00C060F25B540AB43A6
:101C2000009D05FA06F6334342F80C30DEF8082032
:101C30004B6842EA090643F60C4CDD0258BF22EA23
:101C40000906CEF80860C4F2010CDCF800209D0201
:101C500042EA090658BF22EA0906CCF80060DEF81D
:101C600004209D0342EA090658BF22EA0906CEF87D
:101C70000460DEF80020DB0342EA090658BF22EACE
:101C80000906CEF8006043E702B0BDE8F08F00001F
:101C9000002A08BF090481617047000046F6D87029
:101CA000C2F200000068704770B5B8B3044690F8FF
:101CB0003D0028B9002084F83C00204600F08AFA54
:101CC000242084F83D002068016821F001010160B2
:101CD000016841F400410160016821F400410160A4
:101CE00001F0D0FC48F28041C0F21E0140F6001322
:101CF000D4F804E088424FF00001C0F23D0348F2FE
:101D0000A16C4FF0000238BF01219842C0F2010CD3
:101D100038BF0122E64538BF0A460AB1012070BD2E
:101D20004DF68361C4F21B31A0FB01122168950CB2
:101D30004B684FF4967623F03F0343EA9243754392
:101D400044F6D3564B60C1F262060B6AA5FB0656F9
:101D5000B50923F03F03E64538BF950C6A1C1A43CA
:101D60000A62CA6948F2A0664CF6FF73C0F2010627
:101D7000B64522EA03020BD801384FEA4E03B0FB06
:101D8000F3F001306FF31F30042898BF04201EE0E9
:101D9000A368013863B119230EFB03F3B0FBF3F022
:101DA00001306FF31F3078B100F5804008E000BFCC
:101DB0000EEB4E03B0FBF3F001306FF31F3028B190
:101DC00000F5004003E000BF012000E001201043C7
:101DD000C8610868D4E9072320F0C0001043184305
:101DE0000860886848F2FF3204F10C0690434CCE3C
:101DF00018431043A5698860C86820F0FF0030438D
:101E00002843C860086840F00100086000202021D5
:101E1000206484F83D10206384F83E0070BD00000B
:101E20002DE9F04784B0994616460F460446FFF761
:101E300035FF94F83D10202927D10546206800BFC2
:101E4000816989071CD5FFF729FF411B20681A29E2
:101E5000F6D381698907F3D500202021206384F817
:101E60003D1084F83E00206C04F13C0A40F0200054
:101E70002064022000218AF8001004B0BDE8F08739
:101E8000A2461AF83C1F012904D1022004B0BDE883
:101E9000F08700BF01228AF800200368DDE90D18F1
:101EA0000C9ADB0703D1036843F001030360036866
:101EB00023F400630360222084F83D00402084F86E
:101EC0003E000020206462626185608D3946208575
:101ED0000020CFF6FF70E062204632464B46CDF838
:101EE0000080019502F00AFB20B1012004B0BDE89A
:101EF000F08700BF208DA8B102282BD0012835D152
:101F000021680A6822F480620A60002203924A690A
:101F100003928A690392039A0A6842F400720A6083
:101F20002CE000BF00200390206841690391816983
:101F300003910399016841F400710160202084F845
:101F40003D00002084F83E0000218AF8001004B013
:101F5000BDE8F08721680A6822F480620A600A6896
:101F600042F400620A600022039202E00021039121
:101F700021684A6903928969039103990427C0F291
:101F800001070CE010690870606A218D0130606201
:101F9000481E2085618D013961850104CED080B253
:101FA00003280FD802284AD001282DD120464146C7
:101FB0002A4602F04DFD002897D12068616A006929
:101FC000E1E700BF204641462A4602F041FD0028D5
:101FD0007FF48BAF2068616A00690870606A2268CC
:101FE000411C208D616201382085638D013B638532
:101FF00053695B07D1D580B20328C3D1106820F4A0
:1020000080601060BEE700BF20463946002243468C
:10201000009502F0C3FB00287FF467AF2068616A77
:10202000026822F48062026000690870606A218D93
:1020300001306062481E2085608D01386085204631
:10204000394600224346009502F0A8FB00287FF4A1
:102050004CAF2068616A026842F400720260006955
:102060000870606A2268411C6162218D01392185F6
:10207000618D013961851169417085E72DE9F04372
:1020800083B0994616460F460446FFF707FE94F8BC
:102090003D10202920D10546206800BF81698907AD
:1020A00016D5FFF7FBFD411B20681A29F6D381697D
:1020B0008907F3D500202021206384F83D1084F89F
:1020C0003E00216C41F02001216484F83C0003E0D3
:1020D00094F83C10012903D1022003B0BDE8F0833D
:1020E000012284F83C200368DDE90B180A9ADB071B
:1020F00003D1036843F001030360036823F4006322
:102100000360212084F83D00402084F83E00002038
:10211000206462626185608D394620850020CFF69B
:10212000FF70E062204632464B46CDF800800195B4
:1021300002F070FA20B1012003B0BDE8F08300BFC7
:10214000208D98B9204641462A4602F0C7FA88B346
:10215000206C0428EFD12068016841F4007101600F
:10216000012003B0BDE8F0830004EBD020464146D7
:102170002A4602F0B5FC0028EAD1616A22680846C6
:1021800010F8013B1361238D6062581E2085678D16
:10219000013F678557697F07E6D50704E4D0487893
:1021A0001061881C6062981E2085618D01396185EF
:1021B000DAE700BF2068016841F400710160202067
:1021C00084F83D00002084F83E0084F83C0003B011
:1021D000BDE8F0832DE9F04786B0006845F600477A
:1021E000C4F20007B84203D006B0BDE8F08700BFD4
:1021F000002643F630050196C4F20205286801ACBA
:1022000040F00400286028684FF0120800F0040035
:1022100001900198019628684FF0030940F00100F1
:10222000286028684FF0040A00F00100019001982E
:102230004FF40070019007F5D6302146CDE90286B3
:10224000CDF81090CDF814A0FFF744FC4FF4807047
:10225000CDE9010803A880E8400607F5D230214601
:10226000FFF738FC0096286940F4000028612869CF
:1022700000F400000090009806B0BDE8F087000070
:1022800040F2000046F6D871C2F20000C2F200012E
:1022900000780A68104408607047000080B543F673
:1022A0000040C4F20200016841F40071016001685D
:1022B00041F480610160016841F480710160032094
:1022C00000F0C2F80F2000F005F800F05FF80020E1
:1022D00080BD000070B586B0002543F64001019531
:1022E000C4F202010A68044642F001020A60096869
:1022F00001A801F0010101910199694601F09CF9E1
:10230000049E002E18BF012601F0BCF94DF6836132
:10231000B040C4F21B31A0FB01014FF0FF3000EBD5
:10232000914142F22820C2F200004FF0804240F278
:10233000E733C0E90021C0E902530561856101F07E
:1023400041FE054610B1284606B070BD42F2282075
:10235000C2F2000001F080FE05460028F3D11C20E7
:1023600000F036F80F2C0DD81C2021460022002545
:1023700000F03EF840F20400C2F20000046028467B
:1023800006B070BD0125284606B070BD82B00020A1
:1023900043F640010190C4F202014A6842F48042CF
:1023A0004A604A6802F480420192019A00900868EB
:1023B000002240F08050086008680F2100F0805033
:1023C000009000986FF0010002B000F011B800001A
:1023D000002848BF704700F01F01012202FA01F1F6
:1023E0004EF200124009CEF2000242F8201070476F
:1023F00010B54EF60C5CCEF2000CDCF80030C3F3E6
:10240000022E8EF00704042C28BF0424BEF103031F
:102410004FF0FF3E0EFA04F438BF0023A143994069
:102420000EFA03F39A43114300F00F02043A624498
:1024300009010C3200F16043B0F1FF3FC8BF03F562
:102440006442117010BD00004EF60C51CEF2000136
:102450000A684FF6FF031A4060F30A2242F08060D8
:1024600040F0FD700860704770470000026800206F
:10247000516270472DE9F043D0F80090D9F824005C
:10248000A1B1D9F82830B1F1010800EB13435DD0B8
:10249000A8F10100C0B2032808F0030C0ED24FF0DF
:1024A000010E0027BCF1000F33D14FE040EA02409B
:1024B000C9F828000020BDE8F08300BF08F0FC0E3A
:1024C00009F1F404002009F5827500BF54F8107F6B
:1024D000064603EB174046F00103DBB246F0020765
:1024E00055F82330FFB255F8277000EB134000EB8E
:1024F000174346F00300C0B255F82010301DC7B294
:10250000774503EB1143E1D106F1050EBCF1000F55
:102510001CD009EB8700D0F80401BCF1010F03EBDC
:10252000104313D05FFA8EF009EB8000D0F804015D
:10253000BCF1020F03EB104308D00EF10100C0B252
:1025400009EB8000D0F8040103EB104343EA02409A
:1025500009EB8801C1F804010020BDE8F083000008
:10256000D0F8E00405F0D8B801EBC102D0F8E034AF
:1025700000EB8200026A184605F030B801EBC10298
:10258000D0F8E03400EB8200D0F86022184605F065
:1025900083B80000D0F8E00405F0C0B810B50446D8
:1025A000080601F00F0000EBC00104EB810205D426
:1025B00002F51571002382F8553203E0012302F180
:1025C0001401537594F894240870012A04BF022062
:1025D00010BD2068012284F8942405F0B3FE002089
:1025E00084F8940410BD0000B0B50279044601F0EF
:1025F0000F00904284BF0120B0BD09060AD400EB51
:10260000C00104EB810202F51571002382F85532F6
:1026100008E000BF00EBC00104EB8102012302F1DE
:102620001401537594F894240025012A8D700870C4
:1026300004BF0220B0BD2068012284F8942406F073
:102640006FF9284684F89454B0BD000001F00F01E2
:1026500001EBC10100EB8100D0F868027047000077
:10266000B0B50546080601F00F0000EBC00105EB10
:10267000810C05D40CF5157100248CF8554204E04A
:1026800001240CF114018CF815404C786FF3DF2213
:10269000002C08708A600B7118BF4883022B04BF9E
:1026A0000020487195F89404012804BF0220B0BDB1
:1026B0002868012285F8942405F0B2FC002085F8F2
:1026C0009404B0BD10B501F00F0404EBC40100EB9D
:1026D000810E4FF0000CCEF868C28EF855C290F80B
:1026E00006C0CEF86022CEF86432BCF1010F8EF83D
:1026F000544208BFCEF8702200680EF5157162468C
:1027000006F056F9002010BDB0B50446007901F07E
:102710000F05854284BF0120B0BD08060AD401EB35
:10272000C10004EB800000F51571002280F85522ED
:1027300008E000BF05EBC50004EB8000012200F1BA
:102740001401427594F89404012201288A700D70D6
:1027500004BF0220B0BD206884F8942406F008F974
:1027600025B1002084F89404B0BD00BF2068A17991
:1027700004F29C4206F0A6F8002084F89404B0BD50
:1027800080B501F00F0C0CEBCC0100EB810E714613
:1027900001F814CF4FF0000CC1F814C04FF0010C39
:1027A00081F801C090F806C0CA60BCF1010F0B614E
:1027B00008BFCEF830200068624606F0F9F8002025
:1027C00080BD00002DE9F04F8BB005688246284699
:1027D00006F010FB10B10BB0BDE8F08FDAF8000086
:1027E00006F036FB0028F6D0D5F80808C0F30D2116
:1027F000DAF80000CAF8D41406F02AFB0146DAF829
:102800000000890703D5416901F00201416105F526
:102810000061039106F01CFB0146DAF80000C906CE
:1028200005953BD5816921F0100181612C6AC4F3C3
:102830004340062804F00F0518D0022827D147F698
:10284000F07014EA000622D005EBC5000AEB800701
:10285000D7F8601234090598224606F0FDFAD7F839
:10286000600200EB1610C7F8600207E005980AF254
:102870009C41082206F0F0FAC4F30A1405EBC500E7
:102880000AEB8000D0F868122144C0F86812DAF828
:102890000000816941F010018161059D06F0D8FAC0
:1028A0000003CDF828A040F1ED80DAF8000006F032
:1028B000ADFA002800F0E68006460AF29C400AF5D0
:1028C0001D784FF430644FF0000B09901BE000BFFF
:1028D0002819022181605FEA8A6042BF28192021FD
:1028E00081605FEA8A40DDF828A042BF28194FF4D2
:1028F000005181600BF1010B760804F1200408F10E
:10290000240800F0BF80F007F4D0DAF800005FFA86
:102910008BF9494606F094FA8246C00762D028191E
:10292000012181600A9F38682118036C8A68BF7989
:10293000012F29D1170735D4970600F19B8012F09B
:10294000280F4FD143F20B07C4F65477BB4202D392
:1029500012F400422FD1D8F800200969BBF1000F12
:102960006FF3DF41A2EB010148F80C1C35D10A9B43
:10297000D3F86422002A00F08380D3F86002084470
:10298000C3F8600229E000BF43F20B07C4F6547796
:10299000FF37BB4216D110040DD4900644BF20204F
:1029A00088601AE043F20B00C4F65470834219D3D6
:1029B00012F4004016D04FF4004088605FEA0A70BD
:1029C00013D437E0BBF1000F07D10A99D1F8641294
:1029D00019B90021099A05F075FF0A984946FFF7D1
:1029E000CDFD00BF5FEA0A7024D528190821816057
:1029F0000A9843F20B020068C4F65472056C204436
:102A00008168571EBD4205D911F400411CBF4FF427
:102A1000004181600A9800F01DFDBD42059D09D965
:102A20000A988079012805D10A98099A006801213D
:102A300005F048FF5FEACA6042BF28191021816093
:102A40005FEA8A707FF547AF6869000604D503998D
:102A5000486840F48060486018F81D0C01287FF435
:102A600037AF002008F81D0C0A98494600F042FBD9
:102A70002EE700BF202088605FEA0A70B5D4D9E74E
:102A80000121A7E7DAF8000006F0E2F9039E40030F
:102A900040F1DE80DAF8000006F0B0F9002800F01E
:102AA000D78005F5106104910AF29C414FF0000BAC
:102AB000029104E040080BF1010B00F0C980C1074E
:102AC000F8D00690DAF800005FFA8BF1099106F071
:102AD000A5F9049F0446C00728D00BF00F00716BC6
:102AE000012202FA00F021EA0000706307EB4B10AC
:102AF00082609AF80600012814D10BEBCB000AEB98
:102B00008000D0E90712BBF1000F1144016209D126
:102B1000DAF8240030B9DAF80000029A012105F051
:102B2000D1FE00BF09995046FFF71EFD200742BFA6
:102B300007EB4B1008218160E00642BF07EB4B100A
:102B400010218160600642BF07EB4B10402181607D
:102B5000A00715D52846594606F0DEF80BEBCB004A
:102B60000AEB800010F8171F012905D10021017020
:102B70000999504600F0BAFA07EB4B100221816028
:102B80002006069896D50BEBCB010AEB8104A146F3
:102B900059F8242FC84658F8047FBA428AD3DAF885
:102BA000005054F81C3FD11B994288BF1946089524
:102BB00005EB4B1CDCF818590331ADB2B5EB910FA6
:102BC00028BFBA4204D8059DBA423FF673AF33E03E
:102BD00004F1040ADAF800100CF51065079400BF40
:102BE0000A98D41B9C42867988BF1C46DDE90802FE
:102BF000A3B2009606F0DCFBDAF80000E31C011932
:102C0000D8F80000CAF800100719C8F80070AA69BF
:102C100096B2D9F80020B6EB930F28BFBA4203D979
:102C200007980368DCE700BFDDF828A0039EDDE914
:102C30000550BA423FF63EAF089F0BF00F02D7F89F
:102C40003418012303FA02F29143C7F8341831E72C
:102C5000DAF8000006F0FCF8002823D4DAF80000C7
:102C600006F0F6F800053AD4DAF8000006F0F0F8BD
:102C7000C00444D5D5F80408102120F00100C5F89F
:102C80000408DAF8000006F047F89AF80400002873
:102C900000F0F580411E032900F0030C32D2002120
:102CA0009CE000BF706820F0010070609AF8CC04CE
:102CB000012807D100208AF8CC0450460021FFF7F4
:102CC000D3FB02E0504600F0A9FBDAF800004169AE
:102CD00001F00041416106F0BBF80005C4D5B068C1
:102CE000C00702D0504600F0DDFBDAF80000416971
:102CF00001F40061416106F0ABF8C004BAD4DAF81F
:102D00000000EAE000F0FC0E05F536634FF6A05631
:102D10004FF6C0554FF6E0544FF6006000214FF6D5
:102D20007F37CFF6FF76CFF6FF75CFF6FF74CFF67D
:102D3000FF7000BFA3F5187297609A59043122F40E
:102D400000129A5143F8587C53F8602C8E4522F4B7
:102D5000001243F8602C53F8602C42F0006243F8F4
:102D6000602CA3F5107297605A5922F400125A5140
:102D700043F8387C53F8402C22F4001243F8402CDE
:102D800053F8402C42F0006243F8402CA3F508723F
:102D900097601A5922F400121A5143F8187C53F81C
:102DA000202C22F4001243F8202C53F8202C42F05F
:102DB000006243F8202CA3F5007297601A5822F4A1
:102DC00000121A509F601A6822F400121A601A68E2
:102DD00042F000621A6003F18003ABD1059D039EAF
:102DE000BCF1000F4BD005F5106000EB41124FF61F
:102DF0007F334F019360C65905F5306226F4001603
:102E0000C65102EB4116B360D659BCF1010F26F44E
:102E10000016D651D65946F00066D651039E2ED0E4
:102E20004F1C00EB47157E01AB60855902EB47173D
:102E300025F400158551BB609359BCF1020F23F4B2
:102E400000139351935943F000639351039E16D09E
:102E5000023100EB41174FF67F364B01BE60C75879
:102E600027F40017C75002EB41108660039ED0582C
:102E700020F40010D050D05840F00060D050F069DD
:102E800040F00110F0619AF80F0048B1D6F88400C4
:102E900040F00B00C6F8840006F1440007E000BFD4
:102EA000706942F22B010843706106F1100001685D
:102EB0000AF29C4241F00B010160306820F4FE6090
:102EC0003060DAF800009AF8061005F0FBFCDAF83A
:102ED0000000416901F48051416105F0B9FF0146EC
:102EE000DAF8000089041AD505F0E0F8DAF80000F5
:102EF00005F072FFDAF800408AF8070000F0BCFB2A
:102F00009AF807200146204606F0C2F9504600F024
:102F10006FFADAF80000416901F40051416105F0EF
:102F200097FF000706D4DAF8000005F091FF0006CD
:102F30000DD435E0504600F075FADAF8000041692A
:102F400001F00801416105F083FF000628D50599CD
:102F5000886920F0800088619AF8040002281FD355
:102F60000AF27B24012504E00135854204F12404A2
:102F700016D221780129F7D105F00F0000EBC0002F
:102F80000AEB80022806DAF8000002F1140158BFAB
:102F900002F5157105F030FE9AF80400E4E700BF71
:102FA000DAF8000005F054FFC0024BD4DAF8000054
:102FB00005F04EFF059D80027AD59AF8040002289C
:102FC00027D3013805F532610AF51F72012305E0A8
:102FD000013801F1200102F124021AD00F6816789D
:102FE000012EF5D1B7F1FF3FF2DCDAF8D46486EABE
:102FF0001747FF07ECD102F8013CAF6947F08007A3
:10300000AF616F693F06E3D40399486840F40070EC
:103010004860DAF80000416901F40011416105F0EF
:1030200017FF40004AD55046FFF79AFADAF8000039
:10303000416901F08041416105F00AFF40077FF5D9
:10304000CAAB42E09AF80400022825D305990AF198
:103050003C0501F512640126012705E00137203403
:10306000874205F1240517D221682A78012AF5D173
:10307000B1F1FF3FF2DC07F00F0000EBC0000AEBFC
:103080008001DAF80000143105F8016C05F0B4FD98
:103090009AF80400E2E700BFDAF80000416901F4A1
:1030A0008011416105F0D4FE059D80023FF585AF9A
:1030B000DAF8000005F0CCFE4000B4D4DAF80000E5
:1030C00005F0C6FE40077FF586ABDAF800004468DD
:1030D000610704D55046FFF75DFADAF80000416851
:1030E000214341600BB0BDE8F08F0000D0F8E00450
:1030F00004F06EBBD0F8E00404F07EBBF0B581B004
:10310000002800F025810446056890F8950428B948
:10311000002084F89404204600F02AF90320B5F139
:10312000A04F84F8950404BF0020A071206805F02A
:10313000C1FB94E80F00267C009604F0C7FF00282E
:1031400040F003812068002105F0DCFE002840F0FB
:10315000FC802179002900F0F180A1F1010C01F03F
:10316000030EBCF1030F4FF0000045D301F0FC0546
:1031700004F19A02012600235F1C02F8627C22F807
:10318000487C9F1C02F8863C22F86C3C02F83E7C8E
:1031900022F8247CDF1C043302F8856C02F8820CD0
:1031A00042F87E0C42F87A0C42F8760C02F8616C18
:1031B00002F85E0C42F85A0C42F8560C42F8520CD7
:1031C00002F83D6C02F83A0C42F8360C42F8320C28
:1031D00042F82E0C02F8196C02F81A7C178002F8DB
:1031E000160C42F8120C42F80E0C42F80A0CAB42D4
:1031F00002F19002C0D11846BEF1000F2CD000EBB6
:10320000C00204EB820501230022BEF1010F6B75A1
:103210002875E8852A76C5E907226A621CD0451C14
:1032200005EBC50604EB8606BEF1020F7375357516
:10323000F5853276C6E9072272620DD0023000EBC6
:10324000C00204EB820201231075D0850020537563
:103250001076C2E90700506200296FD0BCF1030F5D
:103260004FF0000233D301F0FC0004F53471002369
:103270005F1C01F8587C9F1C01F87C3C01F8347CF1
:10328000DF1C043301F87B2C01F8782C41E91D2266
:1032900041F86C2C01F8572C01F8542C41E9142208
:1032A00041F8482C01F8332C01F8302C41E90B226D
:1032B00041F8242C01F80F2C01F8107C01F80C2C9B
:1032C00041E9022241F8902B8342D1D11A46BEF146
:1032D000000F33D002EBC20004EB80010020BEF1EE
:1032E000010F81F8550281F8542281F85802C1E992
:1032F0009700C1F8640221D0511C01EBC10304EB1B
:103300008303BEF1020F83F8550283F8541283F849
:103310005802C3E99700C3F864020FD0901C00EB79
:10332000C00104EB8101002281F8552281F854028A
:1033300081F85822C1E99722C1F8642294E80F006D
:10334000277C009705F060F830B1022084F89504DE
:103350000125284601B0F0BD00250120657484F8E0
:103360009504206805F040F8284601B0F0BD000043
:10337000B0B586B00068B0F1A04F01D006B0B0BDC6
:10338000002543F630040195C4F20204206801A927
:1033900040F001002060206800F0010001900198D9
:1033A0004FF4C05001900220CDE9020503200490A3
:1033B0000A2005900020C4F20200FEF78BFB606833
:1033C000052140F08000606000956069002240F4B3
:1033D00080406061606900F4804000900098432064
:1033E000FFF706F84320FEF7F3FF06B0B0BD00007C
:1033F00010B50446C07928B1022818BFFDF74AFD70
:10340000012100E00021D4F8E00404F07BFAD4F8B4
:10341000E004BDE8104004F029BA0000D0F8E00450
:1034200004F058BAD0F8E00404F05EBA10B50446CF
:1034300090F89404012804BF022010BD012084F8F4
:1034400094046174206805F011FF002084F894044E
:1034500010BD0000D0F8E02400F29C41104604F0BA
:1034600067BA000010B5044690F89404012804BF20
:10347000022010BD2068012184F89414C168490617
:1034800006D5617B012903D1816B41F480318163D1
:1034900005F03AFC206804F097FF002084F89404BB
:1034A00010BD000010B50446D0F8E00404F096FA10
:1034B0002068D0F8001E41F00101C0F8001EE07A3B
:1034C000002808BF10BD4EF61050CEF20000016873
:1034D00041F00601016010BD2DE9F041002800F027
:1034E0008B8043F60808C4F202080446D8F8F803B3
:1034F0000D4600F00700884207D288F8F853D8F844
:10350000F80300F00700A84276D12068810717D59C
:10351000410705D5D8F8001041F4E051C8F8001073
:10352000010705D5D8F8001041F46041C8F8001033
:10353000D8F80010A26821F0F0011143C8F800107B
:10354000C0073FD1D8F8F80300F00700A84207D918
:1035500088F8F853D8F8F80300F00700A8424BD1D8
:103560002068410707D5D8F80010E26821F4E0513F
:103570001143C8F80010000708D5D8F800002169E9
:1035800020F4604040EAC100C8F8000000F08EF866
:10359000D8F800104DF6A442C1F30311C0F60002A2
:1035A000515C40F2700220FA01F140F20400C2F2D4
:1035B00000000068C2F200021160FEF78BFE0020DE
:1035C000BDE8F0816068811E022907D258F8081C06
:1035D00089015CBF0120BDE8F08111E0012807D11D
:1035E00058F8081C89035CBF0120BDE8F08107E0A2
:1035F00058F8081C890703D40120BDE8F08100BFFA
:10360000D8F8001021F003010843C8F80000FEF7C5
:1036100045FB064641F28837D8F80000616800F0A3
:103620000C00B0EB810F8DD0FEF738FB801BB84249
:10363000F2D90320BDE8F0810F22026043F60802B0
:10364000C4F20202136803F003034360136803F03B
:10365000F0038360136803F4E053C360D2F800C042
:103660004FF4E05303EADC030361D2F8F80300F0FF
:10367000070008607047000040F27000C2F20000CE
:103680000068704740F2700043F60801C2F2000083
:10369000C4F20201006809684DF6B442C1F3822108
:1036A000C0F60002515CC8407047000010B543F6F8
:1036B0000404C4F20204606800F00C0008280BD077
:1036C000042819BF42F20040C0F2F40041F6003075
:1036D000C0F2B70010BD00BF20682168236849020E
:1036E00041F60031C0F2B70100F03F02C3F3881089
:1036F0005CBF42F20041C0F2F401A1FB00010023D3
:10370000FCF7D2FD21680222C1F3014102EB410125
:10371000B0FBF1F010BD00002DE9F04182B00028AF
:103720006AD00446007843F60006C007C4F20206D9
:103730000BD0B06800F00C00042840F0A180306885
:10374000800302D56068002856D0207880071AD5FB
:10375000B06810F00C0F09D0B06800F00C00082819
:1037600040F0A8807068400200F1A48030688007B3
:1037700002D5E06801283FD13068216920F0F800C7
:1037800040EAC10030602078000739D42078400733
:103790004ED4A5695DB3B06800F00C00082840F075
:1037A000BD80012D28D07068E16900F480028A4252
:1037B00022D1216A00F03F028A421DD147F6C07132
:1037C000626A0140B1EB821F16D1A26A0023CFF6D4
:1037D000FF7303EBC23200F440316FF30F029142EA
:1037E0000AD1E16A00F07060B0EB016F04D10020F3
:1037F00002B0BDE8F08100BF012002B0BDE8F08159
:103800006069002840F20000C4F2472076D0012110
:10381000C0F8801EFEF742FA054600BF706F8007B1
:10382000B4D4FEF73BFA401B0228F7D9DDE000BF15
:10383000306C10F080580AD100200190306C40F0BC
:1038400080503064306C00F080500190019847F255
:103850000007C4F200073868C00541D4386840F456
:1038600080703860FEF71AFA054600BF3868C00558
:1038700036D4FEF713FA401B0228F7D9B5E000BF93
:10388000B06800F00C00082803D1706840023FF5D2
:1038900056AF6068B0F5803F07D0B0F5A02F40F07C
:1038A0008D80306840F480203060306840F4803093
:1038B00030608DE0E068002852D00020C4F247203C
:1038C00001210160FEF7EAF9054600BF3068800774
:1038D0003FF552AFFEF7E2F9401B0228F6D984E02B
:1038E000A068012805D005284ED1306F40F00400B3
:1038F0003067306F40F0010030674FE00021C0F8C2
:10390000801EFEF7CBF90546706F80077FF53EAF4E
:10391000FEF7C4F9401B0228F6D966E00027C4F27E
:10392000472700203866FEF7B9F9022D05460BD16E
:10393000306880015ED5FEF7B1F9401B02284FF0D8
:103940000300F5D954E700BF306880017FF54FAF21
:10395000FEF7A4F9401B02284FF00300F4D947E713
:103960000020C4F2472000210160FEF797F90546C8
:10397000306880077FF507AFFEF790F9401B0228FB
:103980004FF00300F4D933E7316F002821F0010133
:103990003167316F21F0040131674DD0FEF77EF9B8
:1039A000054641F2883700BF306F800756D4FEF7D6
:1039B00075F9401BB842F7D917E000BF31680028FD
:1039C00021F480313160316821F4802131604FD0A1
:1039D000FEF764F9054600BF306880033FF5B5AED9
:1039E000FEF75CF9401B6428F6D9032002B0BDE85D
:1039F000F08100BF04F11C052FCD08430021CFF654
:103A0000FF7140EA821001EBC3316FF30F0140EA0E
:103A100005600843706001203866FEF73FF90446F0
:103A2000306880013FF5E3AEFEF738F9001B02284D
:103A30004FF00300F4D9DBE6FEF730F9054641F21A
:103A4000883700BF306F800708D5FEF727F9401B85
:103A5000B8424FF00300F5D9CAE600BFB8F1000F35
:103A60007FF497AE306C20F08050306491E600BF58
:103A7000FEF714F9054600BF306880037FF565AE98
:103A8000FEF70CF9401B64284FF00300F4D9AFE6B1
:103A900070B538B10446406A30B10020206104F1AD
:103AA000140007E0012070BD6068B0F5827F03D08C
:103AB00004F11C00002101600026A66294F8510068
:103AC00020B9204684F8506000F03CF8022084F8C9
:103AD000510094E80F0001F48271056802F4044279
:103AE00025F040050560114403F400622369114488
:103AF00003F002026369114403F00102A369E5695E
:103B0000114403F40072114405F03802256A11448F
:103B100005F08002A56A114305F4005211430160CB
:103B2000626A042101EA134102F01002114441606B
:103B3000C16921F40061C1610120666584F851000A
:103B4000304670BD2DE9F04F85B00446006843F261
:103B50000007C4F20107B84202D005B0BDE8F08FFB
:103B6000002643F630000096C4F2020041696D461B
:103B700041F48051416141694FF0020901F48051E3
:103B800000910099009601684FF0010A41F002018E
:103B9000016001684FF0030B01F0020100910099F0
:103BA000009601684FF0050841F0010101600068CE
:103BB000294600F00100009000981820009007F5B9
:103BC0005440CDF80490CDF808A0CDF80CB0CDF855
:103BD0001080FDF77FFF80208DE8010ECDF810806A
:103BE00046F2404807F550402946C4F20208FDF766
:103BF00071FF41F69035C2F200054FF440304FF0AE
:103C0000C0674FF48069C5E908062846C5E9008702
:103C1000C5E90266C5E90496C5E90666FDF742FEF8
:103C2000002818BFFDF736F9E564AC6341F6F035BE
:103C300008F11800C2F200054021C5E9000705F1AE
:103C4000080080E842024FF40030C5E90806284623
:103C5000C5E90566EE61FDF725FE002818BFFDF7F2
:103C600019F9A564AC6305B0BDE8F08F2DE9F04308
:103C700083B01E4615460F460446FEF70FF894F82B
:103C800051108146012909D1002F4FF0010018BFC2
:103C9000002D0FD103B0BDE8F08300BF6068B0F520
:103CA000827F0DD1A06800284FF0020008BF0429D0
:103CB000F0D1E9E7002EEDD094F85000012803D1AF
:103CC000022003B0BDE8F083012084F8500094F88E
:103CD0005100002104281CBF052084F851006165B3
:103CE000A563E687A6872763E6862068A686216403
:103CF00061640168490603D4016841F04001016034
:103D00006168731EE268B1FA81F1B3FA83F3DDF8FA
:103D1000288049095B09B2F5006F41EA030165D1CA
:103D200031B137F8021BC1602763E08E0138E086AD
:103D3000012518F1010032D102E000BFFDF7AEFF0E
:103D4000E08E18B9E08F002800F0B8802068816804
:103D500089070CD5E18E51B1012D08D1216B0025C9
:103D600031F8022BC2602163E18E0139E18681685E
:103D7000C907E3D0E18F0029E0D0C068A16B01251D
:103D800021F8020BA163E08F0138E087D6E700BF7E
:103D9000FDF784FFA0EB0900404580F0A580E08E90
:103DA00018B9E08F002800F08980206881688907B1
:103DB0000CD5E18E51B1012D08D1216B002531F8D0
:103DC000022BC2602163E18E0139E1868168C90757
:103DD000DED0E18F0029DBD0C068A16B012521F87E
:103DE000020BA163E08F0138E087D1E739B1397860
:103DF0000173206B01302063E08E0138E0860125DD
:103E000018F1010032D101E0FDF748FFE08E10B952
:103E1000E08F002852D02068816889070ED5E18E96
:103E200061B1012D0AD1216B002509780173216B45
:103E3000206801312163E18E0139E1868168C9077B
:103E4000E2D0E18F0029DFD0C068A16B01250870A6
:103E5000A06B0130A063E08F0138E087D4E700BF9A
:103E6000FDF71CFFA0EB090040453DD2E08E08B9EC
:103E7000E08F18B32068816889070ED5E18E61B1A3
:103E8000012D0AD1216B002509780173216B20686F
:103E900001312163E18E0139E1868168C907DFD0F4
:103EA000E18F0029DCD0C068A16B01250870A06BF0
:103EB0000130A063E08F0138E087D1E7204602217E
:103EC00001224346CDF8009002F0FCFCB0B1606DD9
:103ED00040F02000606520206065002084F85000DC
:103EE000012003B0BDE8F083012084F851000020D8
:103EF00084F85000032003B0BDE8F08340F2700066
:103F0000C2F20000006849F68171C1F25E61A0FB57
:103F10000101480D4FF47A71484302906068B0F592
:103F2000827F21D12046802100224346CDF8009097
:103F300002F0C8FC0028CAD1A06838B9002001905E
:103F40002068C1680191806801900198012084F87F
:103F50005100002084F85000606D002818BF012037
:103F600003B0BDE8F08300BF02980028E4D00298B7
:103F700001380290206880680006DDD5029800288C
:103F8000DAD0029801380290206880680006D3D504
:103F900002980028D0D002980138029020688068EA
:103FA0000006C9D502980028C6D0029801380290B0
:103FB000206880680006D7D4BEE700007047000084
:103FC00070470000002804BF0120704710B5044668
:103FD00090F83D0028B9002084F83C00204600F00D
:103FE0001FF8022084F83D002068211D02F08EFD9C
:103FF000012084F8460084F83E0084F83F0084F8ED
:10400000400084F8410084F8420084F8430084F8BA
:10401000440084F8450084F83D00002010BD0000F5
:1040200081B0006844F20041C4F20101884201D02D
:1040300001B070470020009043F64400C4F2020033
:10404000016841F400310160006800F40030009024
:10405000009801B07047000090F83D1001291CBF86
:1040600001207047022180F83D10006841F2FF7284
:10407000C168C4F20002904241F00101C1600DDC50
:1040800040F2FF71C4F20001884215DCB0F1804FAC
:104090002AD040F20041C4F2000123E040F2FF3197
:1040A000C4F20101884213DC41F60001C4F20001B0
:1040B000884219D0002113E040F60001C4F200014B
:1040C000884211D040F60041C4F200010AE000BF6E
:1040D00044F20001C4F20101884205D040F20041DF
:1040E000C4F20101884206D1816801F00701062966
:1040F00004BF00207047016841F001010160002009
:10410000704700007047000070B504460068C5683D
:104110000669B10716D515F0020113D06FF0020140
:104120000161012121778069800703D02046FFF7D4
:10413000E9FF05E0204600F08FF8204600F0D0F9B6
:1041400000202077700719D515F0040016D02068DC
:104150006FF00401016102212177806910F4407F32
:1041600004D02046FFF7CEFF06E000BF204600F057
:1041700073F8204600F0B4F900202077300717D5F7
:1041800015F0080014D020686FF0080101610421C7
:104190002177C069800703D02046FFF7B3FF05E011
:1041A000204600F059F8204600F09AF900202077C8
:1041B000F00619D515F0100016D020686FF0100128
:1041C000016108212177C06910F4407F04D02046A6
:1041D000FFF798FF06E000BF204600F03DF82046BC
:1041E00000F07EF900202077F00718BF15F00100DD
:1041F00002D1300609D412E020686FF0010101619C
:10420000204600F06FF9300609D515F0800006D081
:1042100020686FF0800101612046FFF7CFFE700635
:1042200009D515F0400006D020686FF0400101610B
:10423000204600F05FF9B00658BF70BD15F02000B1
:1042400008D021686FF0200220460A61BDE8704066
:10425000FFF7B6BE70BD0000704700002DE9F041C9
:1042600090F83C30012B04BF0220BDE8F0814FEAFA
:10427000B202032A00F2FC80DFE802F0023E7EBEBA
:10428000036840F200471C6A1A6A24F0020422F014
:1042900001021A621A46D3F804E052F818CF8E6869
:1042A00043F48065C4F20107BD4244EA060405D127
:1042B000CE6824F00C0426F0040634430E68BD4298
:1042C00007D1D1E905572EF4407E45EA0E0545EAAF
:1042D000070E2CF073073743C3F804E09F614F6863
:1042E00009695F631C629F6947F008079F619F69C6
:1042F00027F004079F61B1E0036840F200481C6AA0
:104300001A6A24F0200422F010021A621A46D3F826
:1043100004E052F818CF8F6843F48065C4F20108B6
:10432000454544EA071407D1CF686FF0400624F0F2
:10433000C00406EA071634430F68454507D1D1E9A2
:1043400005562EF4406E4EEA850545EA860E2CF49D
:10435000E64646EA0727C3F804E09F614F6809690B
:104360009F631C629F6947F400679F619F6927F400
:1043700080679F6171E000BF036840F200481C6ADB
:104380001A6A24F4007422F480721A621A46D3F86E
:1043900004E052F81CCF8F6843F48065C4F2010832
:1043A000454544EA072408D1CF6840F2FF463F0262
:1043B00024F4406427EA060634430F68454507D1D4
:1043C000D1E905562EF4405E4EEA051545EA061E73
:1043D0002CF073063743C3F804E0DF614F680969C6
:1043E000DF631C62DF6947F00807DF61DF6927F0E0
:1043F0000407DF6132E000BF036840F20045D3F8F4
:1044000020C01A6A43F4806722F480521A621A4666
:104410005C6852F81CEFD1F800808E68C4F2010588
:10442000AF4204D14D6924F4804444EA85142CF44D
:10443000005747EA06372EF4E64646EA08265C604F
:10444000DE614E6809691E641F62DF6947F4006718
:10445000DF61DF6927F48067DF61090213681943B0
:1044600011600021002280F83C200846BDE8F08160
:104470000121002280F83C200846BDE8F0810000C0
:10448000002804BF0120704710B5044690F83D0095
:1044900028B9002084F83C00204600F01FF80220D4
:1044A00084F83D002068211D02F030FB012084F8D3
:1044B000460084F83E0084F83F0084F8400084F809
:1044C000410084F8420084F8430084F8440084F8F2
:1044D000450084F83D00002010BD0000704700003A
:1044E000704700000068B0F1804F08BFFDF7C8BEFC
:1044F0007047000070470000FEE700002DE9F0471C
:1045000082B0044600680E460168DDF828A041F438
:10451000806101600168DDF82C9041F480711D46D6
:104520001746016020464FF0011100225346CDF896
:10453000009000F033F958B120680068C00544BF0E
:104540004FF400702064032002B0BDE8F08700BF84
:1045500040F202082068C0F2010806F0FE0606617B
:104560002046414652464B4600F002FA20B1012057
:1045700002B0BDE8F08700BF0020019020684A46E5
:10458000416901918069514601900198204600F0EF
:10459000A7FA98B9012D08D02068390A0161204690
:1045A00051464A4600F09CFA40B92068F9B20161D0
:1045B000204651464A4600F093FA58B1206C042830
:1045C000D5D12068016841F400710160012002B07A
:1045D000BDE8F087206800220168534641F48071ED
:1045E000016020464FF00111CDF8009000F0D6F8A0
:1045F0000028A1D1206846F0010101612046414612
:1046000052464B4600F0B4F9002818BF012002B012
:10461000BDE8F0872DE9F04383B0044600680D46FD
:1046200001680A9F0B9E41F4807199469046016093
:1046300020464FF0011100223B46009600F0AEF8F4
:1046400050B120680068C00544BF4FF4007020647A
:10465000032003B0BDE8F083206805F0FE0101618E
:104660000221C0F2010120463A46334600F080F9AB
:1046700020B1012003B0BDE8F08300BF002002900C
:104680002068324641690291806939460290029859
:10469000204600F025FA58B1206C0428E9D12068A2
:1046A000016841F400710160012003B0BDE8F083AE
:1046B000B9F1010F0AD020684FEA182101612046A4
:1046C0003946324600F00CFA0028E5D120685FFA3E
:1046D00088F10161002003B0BDE8F08370B5036884
:1046E000044653F8140F400711D40E46481C29D035
:1046F00086BB00BF1868400527D4FDF7CFFA2368B2
:1047000053F8140F400739D518684007F2D5002038
:1047100070BD00BF18684007F9D41868400514D46C
:1047200018684007F3D4186840050ED4186840078D
:10473000EDD41868400508D4186840074FF0000011
:1047400048BF70BD18684005E4D56FF480601860FC
:10475000042014E0154603E053F8140F4007D6D4A4
:1047600018684005F1D4FDF799FA401B2368B04260
:10477000F2D958694007EFD4202000E02020002122
:104780002022216384F83D2084F83E10226C1043DF
:104790002064012084F83C1070BD00002DE9F04138
:1047A000054600681E46144601F47F0201338FB2AD
:1047B00042D0DDF81880B2F5803F40F08780406934
:1047C0003840C01BB0FA80F04009A04240F0C880D9
:1047D0004EB924E040693840C01BB0FA80F040096F
:1047E000A04240F0BD80FDF759FAA0EB080128680F
:1047F000B142EFD941693940C91BB1FA81F1490988
:10480000A142E7D19BE000BF40693840C01BB0FA2D
:1048100080F04009A0424FF0000040F0A680FDF774
:104820003DFA286841693940C91BB1FA81F149094B
:10483000A142E9D183E000BFB2F5803F24D100BF9F
:1048400041693940C91BB1FA81F14909A14240F0DF
:10485000878041693940C91BB1FA81F14909A142F8
:1048600040F07E8041693940C91BB1FA81F14909A4
:10487000A14275D141693940C91BB1FA81F1490999
:10488000A142DDD06CE000BF81693940C91BB1FA9B
:1048900081F14909A14263D181693940C91BB1FA4B
:1048A00081F14909A1425BD181693940C91BB1FA43
:1048B00081F14909A14253D181693940C91BB1FA3B
:1048C00081F14909A142DFD04AE000BF8069384048
:1048D000C01BB0FA80F04009A04241D146B923E0A4
:1048E00080693840C01BB0FA80F04009A0423BD13B
:1048F000FDF7D4F9A0EB08012868B142F0D981692D
:104900003940C91BB1FA81F14909A142E8D116E049
:1049100080693840C01BB0FA80F04009A0424FF0D7
:10492000000018BFBDE8F081FDF7B8F9286881697B
:104930003940C91BB1FA81F14909A142E8D10020EF
:104940002021286385F83D1085F83E00296C41F050
:104950002001296485F83C000120BDE8F08100BFFA
:104960000020BDE8F08100BF0020BDE8F08100001C
:10497000F0B581B0044600681D4643698FB203EA72
:104980000701B94202D1002001B0F0BD41691646CD
:10499000013201F4806125D0002940D1CEB100BFA1
:1049A000FDF77CF9411B2068B14203D941693940C8
:1049B000B9424BD141693940B942E4D04169490516
:1049C000EED52CE041693940B942DCD04169490556
:1049D00025D4FDF763F9206841693940B942F1D027
:1049E000202024E0D9B941693940B942CBD041698E
:1049F000490514D441693940B942C4D041694905D7
:104A00000DD441693940B942BDD04169490506D448
:104A100041693940B942B6D041694905E3D50168D9
:104A200041F4007101606FF4806141610420002154
:104A30002022216384F83D2084F83E10226C10432C
:104A4000206484F83C10012001B0F0BD2020EEE786
:104A500070B504460068154650F8143F5A063DD418
:104A60000E4629B926E000BF50F8141F490635D478
:104A70000168C90621D4FDF711F9411B2068B14234
:104A8000F2D941694906EFD400202021206384F83F
:104A90003D1084F83E00206C40F0200018E000BF7C
:104AA000FDF7FCF8206850F8141F4906ECD50168A2
:104AB000490613D40168C906F2D56FF010010160F0
:104AC00000202021206384F83D1084F83E00206CF3
:104AD0002064002084F83C00012070BD002070BDDF
:104AE00070B50368044653F8140F000611D40E463F
:104AF000481C29D086BB00BF1868400527D4FDF7A5
:104B0000CDF8236853F8140F000639D5186800064D
:104B1000F2D5002070BD00BF18680006F9D41868EF
:104B2000400514D418680006F3D4186840050ED464
:104B300018680006EDD41868400508D41868000607
:104B40004FF0000048BF70BD18684005E4D56FF411
:104B500080601860042014E0154603E053F8140F39
:104B60000006D6D418684005F1D4FDF797F8401B2D
:104B70002368B042F2D958690006EFD4202000E043
:104B8000202000212022216384F83D2084F83E105B
:104B9000226C10432064012084F83C1070BD00009A
:104BA00084B0072005F0AAFD40F20804C2F2000418
:104BB000207860B1FBF714FD2070642005F09EFDA5
:104BC00020780028F6D102E0642005F097FD05F07A
:104BD000FBFB0028F8D140F2D03AC2F2000A0AF1F9
:104BE00014000AF104010AF110020390CDE9012139
:104BF000FBF70EFD4DF6D8429FEDA30ADFEDA30AA9
:104C00000AF12400C0F6000200210090002500F007
:104C100091FF40F2FC2BC2F2000B4FF07E50CBE92B
:104C200010050020CBE9125505F0A4FD06F0D8FCD4
:104C3000CBF8080042F28810C2F200001021C161D6
:104C4000FEF726FF002818BFFCF724F9601D0BF1C2
:104C50001401082201F08AFD9FED890B9FED8C8ADB
:104C60009FED8CBA01200BF14007BFEE00AA55EC76
:104C7000104B0BF10E060BF11E080AF120098BF800
:104C8000030092E041F2873005F050FB0AF1040086
:104C9000D0EC031A0AF1140090EC030A0BF1540053
:104CA00090EC033A384600F047FB9BED101A9BED61
:104CB000112A9BED120A9BED133A22EE000A21EE17
:104CC000033A22EE022A21EE011A31EE021A33EEE5
:104CD000000A31EE011A30EE000A71EE0A0A07F0FE
:104CE00077FB8BED0A0A9BED100A9BED111A9BEDE9
:104CF000122A9BED133A22EE000A21EE031A30EE3F
:104D0000410A30EE000A07F0CDFA8BED0B0A9BED5D
:104D1000101A9BED120A9BED132A9BED113A20EE1F
:104D2000020A21EE033A22EE022A21EE011A31EEA6
:104D3000021A33EE000A31EE011A30EE000A71EE6B
:104D40000A0A07F045FBB0EE409A8BED0C0A9BED8A
:104D50000A0A9BED0BCA30EE000A10EE100A08F0AA
:104D60005FFE22462B4608F063FC08F0D3F93CEEC8
:104D70000C0ACBF8340010EE100A08F051FE22465F
:104D80002B4608F055FC08F0C5F939EE090ACBF8B6
:104D9000380010EE100A08F043FE22462B4608F0B9
:104DA00047FC08F0B7F9CBF83C0001204FF0FF3189
:104DB00005F0DEFF0128F8D19BF80000000709D5B7
:104DC0009BF8000000F0F701584600F8151B039906
:104DD000FBF7DEFB9BF8010040070AD59BF80100BA
:104DE0004A4600F0FB008BF8010002994046FBF7B1
:104DF0008FFB9BF8020040077FF548AF9BF802004D
:104E000000F0FB008BF8020001993046FBF7E8FC4C
:104E10009BF805009AED040A012815D10098F0EEE0
:104E2000480A00F0D9FD9AED110AB5EE400AF1EEFC
:104E300010FABEBF0020CAF84400B0EE4B0ABDEE27
:104E4000C00A10EE100A1FE7B4EE480AF1EE10FA9D
:104E50007FF718AF9BF804000130C1B2C9298BF865
:104E60000400FFF40FAF01208BF8050044F20000AE
:104E7000C4F21C50CAF84C0004E700BF00BF00BFDA
:104E800024AC9522DCA55C4000A08C4500808945BF
:104E9000000034420000000080B541F6403046F288
:104EA0000041C2F20000C4F200010322002380E8A6
:104EB0000E0000F10C014FF4102C4FF4001E81E89D
:104EC000085083618383FCF78FFA002808BF80BDF8
:104ED000BDE88040FBF7DEBF80B541F6683046F69E
:104EE0000001C2F20000C4F200010322002380E8A6
:104EF0000E0000F10C014FF4102C4FF4001E81E85D
:104F0000085083618383FCF76FFA002808BF80BDD7
:104F1000BDE88040FBF7BEBF80B582B000200190A5
:104F200043F63000C4F202000168002241F480011F
:104F300001600068052100F48000019001983A208A
:104F4000FDF756FA3A20FDF743FA3B2005210022EF
:104F5000FDF74EFA3B2002B0BDE88040FDF738BABD
:104F6000F0B595B04DF66C40C0F6000090E81E50CC
:104F700080690EAD85E81E5014900EA8002105F042
:104F8000CBFB40F2B017C2F2000738604DF6884004
:104F9000C0F6000090E87E0080690DF11C0C8CE8E2
:104FA0007E000D9007A8002105F0B6FB78604DF655
:104FB0005040C0F6000090E84E00D0E904548069EB
:104FC0008DE84E00069068460021CDE9045405F0B6
:104FD000A3FBB86015B0F0BD2DE9F04F87B00026F7
:104FE00043F6300006960196C4F20200016841F6CD
:104FF000000A41F0020101600168C4F2020A01F0F6
:1050000002010191019901960168012241F001011B
:1050100001600168402701F00101019101990196A9
:105020000168012441F008010160016801F00801F4
:10503000019101990196016841F004010160016844
:1050400001F00401019101990196016841F080018C
:105050000160016801F080010191019901960168E8
:1050600041F040010160016801F0400101910199A6
:105070000196016841F0200101600068402100F0C4
:105080002000019001985046FCF702FE0AF5806569
:1050900028464FF4E05100224FF4E05BFCF7F8FDA6
:1050A000AAF5C059484610210122FCF7F1FDAAF5E6
:1050B000A058404601210122FCF7EAFDCDE9027427
:1050C00002AF50463946CDE90444FCF703FD2846BB
:1050D0003946CDE902B4CDE90466FCF7FBFC0920B2
:1050E00002904FF4041550463946CDE90354FCF7BD
:1050F000F1FC1020CDE9020402264846394604940A
:105100000596FCF7E7FC3020CDE90205AAF58050B2
:1051100039460494FCF7DEFC40463946CDE90244AA
:10512000CDE90446FCF7D6FC062006210022FDF757
:105130005FF90620FDF74CF9092005210022FDF753
:1051400057F90920FDF744F90A2005210022FDF74F
:105150004FF90A20FDF73CF9172005210022FDF741
:1051600047F91720FDF734F907B0BDE8F08F0000CC
:1051700080B541F6504045F60041C2F20000C4F24D
:10518000000141F6802200234FF4804CC0F2060259
:1051900080E80E00C0E9033CC0E90533C0E90733ED
:1051A000FCF782FD002808BF80BDBDE88040FBF70A
:1051B00071BE0000B0B542F2881043F20001C2F2A5
:1051C0000000C4F201014FF48272002380E80E0057
:1051D00000F10C014FF0020C4FF0010E4FF400747F
:1051E000382581E808500A21C0E90645C0E908339E
:1051F000C0E90A31FEF74CFC002808BFB0BDBDE88D
:10520000B040FBF747BE0000B0B58CB044F200459B
:1052100042F2E010C4F201050021C2F200004FF694
:10522000FF72CDE90511CDE90311C0E90051C0E9D4
:10523000021201618161FEF7C5FE002818BFFBF76D
:1052400029FE42F2E010C2F20000FFF719F900282F
:1052500018BFFBF71FFE602042F2E0140090002010
:10526000C2F20004CDE90100049069462046002204
:10527000FEF7F4FF002818BFFBF70CFE2068A842D9
:1052800002D00CB0B0BD00BF002043F63001079043
:10529000C4F202010A6842F020020A60096801F0C3
:1052A000200107910799402107910221CDE90810BB
:1052B0000A9003200B9005F5504007A9FCF70AFC63
:1052C0000CB0B0BD80B541F6640040F25401C2F2AA
:1052D0000000C2F20001002202F046F9002818BFC7
:1052E000FBF7D8FD41F6640040F27401C2F2000001
:1052F000C2F2000102F09EFB002818BFFBF7CAFDB6
:1053000041F6640040F21011C2F20000C2F2000146
:1053100001F052FE002818BFFBF7BCFD41F6640007
:10532000C2F2000002F0B0FB002808BF80BDBDE85B
:105330008040FBF7AFBD0000B0B52DED108B84B001
:10534000B5EE403AB0EE418AB0EE609AB0EE40AAB7
:10535000F1EE10FA044617D1F5EE403AF1EE10FAEC
:1053600012D1B5EE404AF1EE10FA0DD12046B0EE62
:105370004A0AF0EE490AB0EE481A04B0BDEC108BB0
:10538000BDE8B04000F0E8B9F5EE401A45F6DF158B
:10539000F1EE10FAC5F637750AD1B5EE402AF1EEF6
:1053A00010FA05D1F5EE402AF1EE10FA00F04A812C
:1053B00022EE020A21EEA11A31EE005A23EEA30AD0
:1053C00023EE031A31EE000A24EE041A31EE000A2D
:1053D00010EE100AFEEE006AA5EB600001EE100A66
:1053E00020EE260A20EE010AB7EE086A20EE010A36
:1053F00030EE060A20EE010A20EE03BA20EE23CAA0
:1054000020EE04EA94ED020A94ED031A20EE004A1D
:10541000B6EE003A21EE01FA8DED024A33EE444A2F
:1054200074EE4F5A94ED004A94ED017A64EE010A4D
:1054300067EE003A73EEE07A60EE01FA67EE019AE9
:1054400033EEA01A67EE070A73EE608A38EECF3AA1
:105450006CEE274ACDED035A6BEE255A24EE00DAA6
:105460002CEE033A2BEE011A64EE07AA75EEA44A5D
:105470007DEE295A31EE031A3FEEEA3A2EEE250A66
:105480002EEE033A30EE240A33EE011A30EE000A13
:1054900031EE011A21EE011A20EE000A30EE011A57
:1054A000B1EEC10A22EEA23A33EE053A13EE100A2B
:1054B000A5EB600023EE263A05EE100A23EE053A2E
:1054C00023EE053A33EE063A23EE053A63EE21CA9F
:1054D00063EE02DA63EE22EAB4EE400AF1EE10FA6D
:1054E00064EE04BA80F1248139EECD2A3AEEAF3A67
:1054F0002CEE031A2BEE024A34EE011A9DED024AFD
:105500009DED036A38EEC44A2EEE045A35EE011AB8
:1055100031EE011A3BEEA65A20EE066A22EE017A1F
:1055200035EE0F5A36EE076A20EE277A63EE010A4F
:1055300024EE011A20EE250A37EE207A30EE011A09
:1055400023EE2E0A2DEE854A34EE400A27EE0E4A4F
:105550006CEE010A30EEC44A34EE000A25EE2C4A05
:105560002EEE825A40F2642035EE444A21EE0B1AA8
:105570002EEE065AC2F2000035EE411A22EE2D2A16
:105580002CEE833A90ED005A31EE041A33EE422AA3
:1055900026EE0C3A2BEE074A34EE433AB5EE405A6B
:1055A000F1EE10FA33EE022A32DD90ED003A9FED73
:1055B000684A20EE033A90ED015A23EE043A33EEA6
:1055C000053A80ED013A90ED003A90ED025A21EE55
:1055D000033A23EE043A33EE053A80ED023A90EDB9
:1055E000003A90ED035A22EE033A23EE043A33EEEA
:1055F000053A80ED033A90ED013A33EE0AAA90EDB8
:10560000023A90ED034A33EE099A34EE088A03E039
:10561000002141608160C16040F24410C2F200008C
:1056200090ED003A23EE000A90ED003A30EE0AAA1F
:1056300023EE010A90ED001A30EE099A21EE020ADB
:1056400030EE088A9FED430A94ED014A94ED025A28
:105650002AEE001A29EE002A94ED036A28EE000AC9
:1056600094ED003A22EE057A64EE410A30EEC77AF4
:1056700066EE000A37EE607A60EE050A63EE011A04
:1056800071EEA00A66EE021A70EEE10A60EE041AEC
:1056900063EE022A72EEE11A66EE012A22EE042A75
:1056A00023EE000A33EE077A74EE200A72EEA11A96
:1056B00030EE020A25EE011A75EE211A30EE410A8B
:1056C00020EEA01A27EE072A36EE000A32EE011A63
:1056D00021EEA12A32EE011A20EE002A32EE011A42
:1056E00011EE100AA5EB6000BEEE003A02EE100AC1
:1056F00021EE031A21EE021A21EE021AB7EE083A41
:1057000031EE031A21EE021A27EE012A20EE813A29
:1057100021EE814A20EE010A84ED002A84ED013A4F
:1057200084ED024A84ED030A04B0BDEC108BB0BDD9
:10573000B0EE410ACDED017ACDED005A07F068F8E0
:10574000DDED005ADDED017AFEEE006ACCE600BF29
:105750006F12833A6F12033AF5EE401A45F6DF11E5
:10576000F1EE10FAC5F6377110D1B5EE402AF1EE20
:1057700010FA0BD1F5EE402AF1EE10FA06D190EDB9
:10578000014A90ED023A90ED032AA9E022EE023A96
:1057900021EEA14A34EE033A22EEA24A34EE033A55
:1057A00013EE102AA1EB6202BEEE005A04EE102A9C
:1057B00023EE053A23EE043A23EE043AB7EE086AE4
:1057C00033EE063A23EE043A23EE217A63EE021A10
:1057D00023EE226AD0ED002A90ED014A90ED023AC4
:1057E00090ED032A63EE223A64EE024A62EE845A96
:1057F00062EEA22A74EEE33A62EE034A32EE855A72
:1058000062EE022A75EEA44A72EE852A40F2642204
:1058100024EE865A61EEA25A62EE872A26EE236AA9
:10582000C2F2000236EE626AD2ED002A63EEA11ADD
:1058300027EE247AF5EE402A35EEC55AF1EE10FA3D
:1058400037EE617A32DDD2ED001ADFED5C2A65EECB
:10585000211AD2ED013A61EEA21A71EEA31AC2ED3D
:10586000011AD2ED001AD2ED023A66EE211A61EE6B
:10587000A21A71EEA31AC2ED021AD2ED001AD2EDED
:10588000033A67EE211A61EEA21A71EEA31AC2ED75
:10589000031AD2ED011A31EE800AD2ED021AD2EDCE
:1058A000032A71EEA00A32EE811A03E0002353604E
:1058B0009360D36040F24412C2F20002D2ED001AAB
:1058C00021EE855AD2ED001A35EE000A21EE865AF5
:1058D00092ED006A75EE200A26EE075A35EE011A9F
:1058E0009FED375A20EE050A20EE856A21EE051A53
:1058F00090ED005A26EE037A64EE400A30EEC77A45
:1059000062EE010A37EE607A61EE030A65EE001A74
:1059100071EEA00A62EE061A70EEE10A74EE200A39
:1059200061EE041A65EE062A26EE044A25EE011AF7
:1059300072EEE11A62EE002A31EE041A23EE000A3A
:1059400035EE077A72EEA11A31EE400A73EE211A93
:1059500032EE000A20EEA01A27EE072A32EE011AD4
:1059600021EEA12A32EE011A20EE002A32EE011AAF
:1059700011EE102AA1EB6201BEEE003A02EE101AFF
:1059800021EE031A21EE021A21EE021AB7EE083AAE
:1059900031EE031A21EE021A27EE012A20EE813A97
:1059A00021EE814A20EE010A80ED002A80ED013AC5
:1059B00080ED024A80ED030A704700BF6F12833A00
:1059C0006F12033AFEE70000FEE7000041F6A44034
:1059D000C2F20000FCF7F6BE002857D0017890ED27
:1059E0000F1A90ED102A80ED070A30EEC00A002948
:1059F000C0ED060A80ED0F0A80ED101A80ED112A25
:105A000048D0012940F0908090ED015A90ED026A53
:105A100030EE414A31EE011A90ED037A24EE054A48
:105A200020EE065A30EE410A32EE000AD0E90C129E
:105A300080ED0C0A20EE070A34EE051A90ED082AD4
:105A400090ED043A80ED0B0A31EE000A32EE000AC6
:105A5000B4EE430AF1EE10FA80ED094A80ED0A5ADD
:105A6000C0E90D1280ED080AC2BF80ED083AB0EE21
:105A7000430A7047B1EE431AB4EE410AF1EE10FA50
:105A8000BCBF80ED081AB0EE410A70479FED280AAE
:105A9000704700BF90ED024A90ED0A6A90ED012A2E
:105AA00090ED053A24EE004A90ED035A34EE064A92
:105AB00020EE022AD0E90C1230EE410AB4EE434A3D
:105AC00080ED0C0A20EE050AF1EE10FA80ED092AAD
:105AD00080ED0A4AC0E90D1280ED0B0A06DCB1EE3A
:105AE000433AB4EE434AF1EE10FA03DAB0EE434A19
:105AF00080ED0A3A32EE042A90ED041A30EE020AE2
:105B0000B4EE410AF1EE10FA80ED080A07DCB1EEBE
:105B1000411AB4EE410AF1EE10FAA8BF7047B0EE98
:105B2000410A80ED081A704790ED080A704700BFDF
:105B300000000000002818BF002A01D1704700BFF4
:105B400080B501701168416051688160916880ED95
:105B5000040AC160C0ED050A20302821FAF743FC91
:105B6000BDE8804070470000000000000000000019
:105B7000EFF30980BFF36F8F154B1A681EF0100FFB
:105B800008BF20ED108A20E9F04F10602DE90900D0
:105B90004FF0500080F31188BFF34F8FBFF36F8F2A
:105BA00005F0B8FB4FF0000080F31188BDE8090054
:105BB00019680868B0E8F04F1EF0100F08BFB0EC8D
:105BC000108A80F30988BFF36F8F704700BF00BF52
:105BD000BC0100202DE9F04F81B041F69033C2F2B4
:105BE0000003D3F800C08046DCF8003023F0010346
:105BF000CCF8003041F6F033C2F200031B681F6896
:105C000027F001071F60DCF80070FF073ED0DCF8CA
:105C1000000020F00100CCF80000DCF80000C00714
:105C200034D0DCF8000020F00100CCF80000DCF8F3
:105C30000000C0071FBFDCF8000020F00100CCF816
:105C40000000DCF8000018BF5FEAC0701ED0DCF86E
:105C5000000020F00100CCF80000DCF80000C007D4
:105C6000D5D113E0186820F0010018601868C0074B
:105C70001FBF186820F001001860186818BF5FEA9D
:105C8000C0700FD0186820F0010018601868C007B5
:105C90001FBF186820F001001860186818BF5FEA7D
:105CA000C070DFD142F28814C2F20004E06C46F208
:105CB0000C49C4F20209056846F2080E09F14C0BC2
:105CC00046F28847C4F2020E5D45C4F2020717D9B6
:105CD000BD4200F0AD8046F27040C4F20200854241
:105CE00040F0D8802020C9F800001020C9F800003A
:105CF0000820C9F800000420C9F800000120A8E02D
:105D00000EF1B0008542009152D946F21046C4F21D
:105D1000020646F2284A46F24044B542C4F2020A5C
:105D2000C4F20204414600F08B82554500F03681F2
:105D3000A5420CBF4FF400184FF00068B542CEF8F2
:105D4000008400F032815545884600F03781A54235
:105D50000CBF4FF480104FF08060B542CEF80004C5
:105D600000F03381554500F03781A5420CBF4FF458
:105D700000204FF00070B542CEF8000400F03381EF
:105D8000554500F03781A5420CBF4FF480204FF0FD
:105D90008070B542CEF8000400F03381554500F024
:105DA0003381A5420CBF4FF480304FF480002CE1CA
:105DB0000EF1500646F2100146F2700AB542C4F2E6
:105DC0000201C4F2020A40F2D380554500F0488235
:105DD00046F28800C4F20200854200F0498246F291
:105DE000A000C4F2020085420CBF4FF400104FF037
:105DF0000060CEF80400B54200F25B828D4200F0F4
:105E00003F8246F22800C4F20200854200F0408240
:105E100046F24000C4F2020085420CBF4FF48010ED
:105E20004FF08060CEF80000B54240F2208359E286
:105E30004FF40060C9F800004FF48060C9F800001A
:105E40004FF40070C9F800004FF48070C9F80000EA
:105E50004020C9F80000A06C06685E4540F2E5806D
:105E6000BE4245D046F27040C4F20200864255D18F
:105E70002020C9F800001020C9F800000820C9F847
:105E800000000420C9F800000120C9F8000000F05B
:105E900058BC00BF09F194004FF00066854208BF6E
:105EA0004FF40016C9F800604FF0806608BF4FF449
:105EB0008016C9F800604FF00076854208BF4FF4A5
:105EC0000026C9F800604FF0807608BF4FF48026A6
:105ED000C9F800604FF48006854208BF4FF4803651
:105EE000C9F80060A06C06685E4540F29E80B7E786
:105EF0004FF40060C9F800004FF48060C9F800005A
:105F00004FF40070C9F800004FF48070C9F8000029
:105F10004020C9F8000000F014BC00BF09F1940053
:105F20004FF00067864208BF4FF40017C9F80070B1
:105F30004FF0806708BF4FF48017C9F800704FF02A
:105F40000077864208BF4FF40027C9F800704FF071
:105F5000807708BF4FF48027C9F800704FF480079E
:105F6000864208BF4FF48037C9F8007000F0E9BBE3
:105F70008D4200F0958146F22800C4F2020085426D
:105F800000F0908146F24000C4F2020085420CBF4E
:105F90004FF400104FF0006086E100BF4FF400683E
:105FA000B542CEF800847FF4CEAE10208846B542CC
:105FB000CEF800047FF4D6AE07E000BF4FF4806057
:105FC000B542CEF800047FF4CDAE0820B542CEF83D
:105FD00000047FF4D5AE06E04FF40070B542CEF871
:105FE00000047FF4CDAE0420B542CEF800047FF467
:105FF000D5AE06E04FF48070B542CEF800047FF4D1
:10600000CDAE012001E000BF4020009946F2884754
:1060100042F28814C4F20207C2F20004CEF800046F
:10602000A06C06685E453FF61BAF0EF1B0008642DD
:1060300072D946F21044C4F20204A64200F008816C
:1060400046F22840C4F20200864200F0BF8046F2C9
:106050004040C4F2020086420CBF4FF400104FF0E3
:106060000060A642CEF8000400F0B78046F2284057
:10607000C4F20200864200F0B78046F24040C4F20B
:10608000020086420CBF4FF480104FF08060A642A1
:10609000CEF8000400F0AF8046F22840C4F20200BF
:1060A000864200F0AF8046F24040C4F202008642D1
:1060B0000CBF4FF400204FF00070A642CEF8000451
:1060C00000F0A78046F22840C4F20200864200F0A9
:1060D000A78046F24040C4F2020086420CBF4FF453
:1060E00080204FF08070A642CEF8000400F09F8020
:1060F00046F22840C4F20200864200F09D8046F23B
:106100004040C4F2020086420CBF4FF480304FF48E
:106110008000CEF8000414E30EF15004A6423BD9EF
:1061200046F27000C4F20200864200F00F8146F28F
:106130008800C4F20200864200F0108146F2A000FE
:10614000C4F2020086420CBF4FF400104FF0006012
:10615000CEF80400A64200F2228146F21000C4F2FA
:106160000200864200F0028146F22800C4F20200DA
:10617000864200F0038146F24000C4F202008642EB
:106180000CBF4FF480104FF08060CEF80000A642A4
:1061900040F2AD8120E100BF46F21000C4F20200DF
:1061A000864200F0F38046F22800C4F202008642E4
:1061B00000F0EE8046F24000C4F2020086420CBFBE
:1061C0004FF400104FF00060E4E000BF4FF40060B7
:1061D000A642CEF800047FF449AF1020A642CEF8C4
:1061E00000047FF459AF06E04FF48060A642CEF879
:1061F00000047FF451AF0820A642CEF800047FF4DB
:1062000061AF06E04FF40070A642CEF800047FF4C0
:1062100059AF0420A642CEF800047FF469AF06E02F
:106220004FF48070A642CEF800047FF461AF0120E5
:10623000CEF8000485E200BF4020CEF8000480E2E2
:106240004FF02008B542CEF800847FF47CADACE678
:106250002020A642CEF800047FF408AFBDE700BFBF
:106260002020CEF80400B5427FF6C8AD21E000BF83
:106270004FF40060CEF80400B5421AD8BEE500BF66
:106280001020CEF80000B54240F2F1802AE000BFB5
:106290004FF48060CEF80000B54240F2E88021E083
:1062A000202001E04FF40060CEF80000B5427FF6F8
:1062B000A5AD554500F0CC8046F28800C4F202003E
:1062C000854200F0CD8046F2A000C4F20200854273
:1062D0000CBF4FF480104FF08060CEF80400B54240
:1062E00040F2C580554500F0D58046F28800C4F2E2
:1062F0000200854200F0D48046F2A000C4F2020001
:1063000085420CBF4FF400204FF00070CEF804001F
:10631000B54200F22A818D4200F0CA8046F2280080
:10632000C4F20200854200F0CB8046F24000C4F285
:10633000020085420CBF4FF480204FF08070CEF8F1
:106340000000B54240F28C8125E100BF2020CEF84C
:106350000400A6427FF601AF21E000BF4FF40060C9
:10636000CEF80400A6421AD8F7E600BF1020CEF8F7
:106370000000A64240F2BB802EE000BF4FF48060D8
:10638000CEF80000A64240F2B28025E0202001E0D5
:106390004FF40060CEF80000A6427FF6DEAE46F273
:1063A0007000C4F20200864200F0928046F288003B
:1063B000C4F20200864200F0938046F2A000C4F2CC
:1063C000020086420CBF4FF480104FF08060CEF880
:1063D0000400A64240F28B8046F27000C4F2020034
:1063E000864200F09B8046F28800C4F2020086429A
:1063F00000F09A8046F2A000C4F2020086420CBF70
:106400004FF400204FF00070CEF80400A64200F2D6
:10641000E88046F21000C4F20200864200F08C8050
:1064200046F22800C4F20200864200F08D8046F257
:106430004000C4F2020086420CBF4FF480204FF0AF
:106440008070CEF80000A64240F24081E3E000BF39
:106450001020CEF80400B5423FF644AF07E000BF7D
:106460004FF48060CEF80400B5423FF63BAF8D425A
:1064700072D046F22800C4F2020085426ED046F285
:106480004000C4F2020085420CBF4FF400204FF0E0
:10649000007065E00820CEF80400B54265D83AE700
:1064A0004FF40070CEF80400B5427FF634AF5CE0E4
:1064B0000420CEF80000B54240F2D2806BE000BF6D
:1064C0004FF48070CEF80000B54240F2C98062E01F
:1064D0001020CEF80400A6423FF67EAF07E000BFD2
:1064E0004FF48060CEF80400A6423FF675AF46F246
:1064F0001000C4F2020086426AD046F22800C4F2BC
:106500000200864266D046F24000C4F20200864293
:106510000CBF4FF400204FF000705DE00820CEF873
:106520000400A6425DD874E74FF40070CEF8040072
:10653000A6427FF66EAF54E00420CEF80000A642DB
:1065400040F2C48067E000BF4FF48070CEF80000D6
:10655000A64240F2BB805EE0082001E04FF40070EC
:10656000CEF80000B5427FF6D6AE55456CD046F267
:106570008800C4F2020085426CD046F2A000C4F24A
:10658000020085420CBF4FF480204FF08070CEF89F
:106590000400B54264D946F2884742F28814554552
:1065A000C4F20207C2F2000476D046F28800C4F2B8
:1065B00002000099854273D046F2A000C4F20200A6
:1065C00085420CBF4FF480304FF4800069E000BF7B
:1065D000082001E04FF40070CEF80000A6427FF6DC
:1065E00018AF46F27000C4F20200864262D046F252
:1065F0008800C4F20200864262D046F2A000C4F2D3
:10660000020086420CBF4FF480204FF08070CEF81D
:106610000400A6425AD946F27000C4F20200864233
:106620006CD046F28800C4F2020086426AD046F27C
:10663000A000C4F2020086420CBF4FF480304FF439
:106640008000CEF804007CE00420CEF80400B542BF
:10665000A1D805E04FF48070CEF80400B5429AD876
:106660008D4253D046F22800C4F20200009946F24F
:10667000884742F288148542C4F20207C2F200043D
:1066800050D046F24000C4F2020085420CBF4FF4E5
:1066900080304FF4800046E00120009901E000BF07
:1066A0004020CEF80400A06C06685E453FF6D8ABEB
:1066B000BBE400BF0420CEF80400A642ABD805E03E
:1066C0004FF48070CEF80400A642A4D846F2100021
:1066D000C4F2020086422FD046F22800C4F2020023
:1066E00086422BD046F24000C4F2020086420CBF24
:1066F0004FF480304FF4800021E000BF0120CEF83D
:1067000004001EE04020CEF804001AE0009946F292
:10671000884742F288140120C4F20207C2F2000442
:1067200001E000BF4020CEF80000A06C06685E4586
:106730007FF67BACFFF794BB012000E04020CEF851
:106740000000CCF80C10C3F80C80CCF804205A6080
:10675000DCF8000040F00100CCF80000186840F0C0
:106760000100186001B0BDE8F08F0000B0B542F242
:106770008813C2F200031B685D6845F002055D6086
:106780005D6845F001055D601D6845F040051D60D0
:1067900041F69033C2F200031B681D6825F0010525
:1067A0001D601D68ED0716D01D6825F001051D60F0
:1067B0001D68ED071FBF1D6825F001051D601D68E0
:1067C00018BF5FEAC57506D01D6825F001051D607C
:1067D0001D68ED07E1D146F20C4CC4F2020C0CF13D
:1067E0004C0446F2080EA342C4F2020E04D94FF440
:1067F0000015CCF8005013E00EF1B005AB4205D9FE
:106800004FF40015CEF800540AE000BF0EF1500519
:10681000AB424FF4001594BFCEF80050CEF80450B0
:1068200043F20C05C4F201059D60D9605A601968F5
:1068300041F01001196041F6F031C2F2000109681F
:106840000B6823F001030B600B68DB0716D00B68A5
:1068500023F001030B600B68DB071FBF0B6823F0FD
:1068600001030B600B6818BF5FEAC37306D00B68A7
:1068700023F001030B600B68DB07E1D1A14207D9CC
:106880004FF00063CCF800308D60C8604A60B0BD46
:106890000EF1B003994207D94FF00063CEF80034EF
:1068A0008D60C8604A60B0BD0EF1500399424FF050
:1068B000006394BFCEF80030CEF804308D60C8601D
:1068C0004A60B0BD2DE9F04381B0089C984615465A
:1068D0000E468146FBF7E2F9201A00EB0804FBF7AD
:1068E000DDF940F27001C2F200010968C1F3CB3159
:1068F00061430091D9F800108A683240921BB2FAC5
:1069000082F25209AA4203D1002001B0BDE8F0830F
:10691000074618F101000ED130E000BF00980138A1
:106920000090D9F8000080683040801BB0FA80F0F9
:106930004009A842E8D0FBF7B1F9C01BA04227D21A
:1069400000980028EAD10024EBE700BF88683040B7
:10695000801BB0FA80F04009A842D5D0886830404A
:10696000801BB0FA80F04009A842CDD08868304042
:10697000801BB0FA80F04009A842C5D0886830403A
:10698000801BB0FA80F04009A842DFD1BCE700BF0D
:10699000D9E900014268B1F5827F22F0E00242604D
:1069A0000BD1D9F80810B1F5004F02D0B1F5806FC6
:1069B00003D1016821F040010160D9F82810B1F538
:1069C000005F07D1016821F400510160016841F4C2
:1069D00000510160012089F85100002089F8500021
:1069E000032001B0BDE8F0830000000000000000BB
:1069F000074B19680868B0E8F04F80F30988BFF3C7
:106A00006F8F4FF0000080F31188704700BF00BF08
:106A1000BC01002080B54FF0500080F31188BFF317
:106A20006F8FBFF34F8F05F019FB30B14EF6045056
:106A3000CEF200004FF080510160002080F31188F9
:106A400080BD0000B0B592B0002443F64000CDE90F
:106A50000A44CDE908440594CDE90344CDE9014455
:106A60000094C4F202000168022541F080510160E7
:106A7000006800F080500090009847F200000094F9
:106A8000C4F20000016841F480410160006800F434
:106A9000804000900098012006904FF480300790CD
:106AA0004FF480000D9006200E90A820CDE90F0530
:106AB0000720119006A80C95FCF72EFE10B172B6B7
:106AC000FEE700BF0F20CDE901054FF4A050049070
:106AD0004FF48050059001A805210394FCF7FCFCBD
:106AE00010B172B6FEE700BF12B0B0BD4EF68850CE
:106AF000CEF20000016841F47001016070470000AF
:106B000042F22820C2F20000FDF7FEBAB0B540F60E
:106B1000FF3E0568C4F2000E40F2004C7045C4F21E
:106B2000010C27DCB0F1804F31D040F20043C4F2B9
:106B3000000398422BD040F60003C4F200039842B1
:106B400025D041F6FF73C4F2000398422ADC704559
:106B50003CDCB0F1804F5FD040F20043C4F2000350
:106B6000984259D040F60003C4F20003984253D033
:106B700057E000BF40F60043C4F20003984206D03D
:106B8000604504D00023C4F201039842D9D14B6878
:106B900025F0700243EA020541F6FF73C4F20003D8
:106BA0009842D4DD43F6FF73C4F20103984221DC1E
:106BB00042F20003C4F2000398422DD00023C4F235
:106BC0000103984228D0604526D02AE040F60043D1
:106BD000C4F2000398421FD041F60003C4F2000340
:106BE000984219D041F60043C4F20003984213D0F2
:106BF00017E000BF44F20003C4F2010398420BD037
:106C000044F60003C4F20103984205D044F2004365
:106C1000C4F20103984204D1CB6825F4407243EAE0
:106C200002050A688C684B69C46240F48064826221
:106C3000644504BF09690163026825F0800142F0E0
:106C4000040219430260012242610160B0BD0000EC
:106C5000B0B5D0F8D42200EB8202D2F8C0323BB3F8
:106C600001F00F058C4605EB850100EB810151F821
:106C7000144F64B1D0F8C8E205EBC5050EEB8505ED
:106C8000D5F81CE0B4FBFEF505FB1E4595B10024CC
:106C9000C3F81442D2F8C402056935B1D3F808022A
:106CA00003F504716246A84700242046B0BD00BF2A
:106CB0000320B0BD00240C6061460022002300F0D8
:106CC0009BFE2046B0BD0000B0B50446D0F8D4020B
:106CD00004EB8000D0F8C05295B1204600F02EFDA4
:106CE000D4F8D412C5F80C0204EB8101D1F8C41217
:106CF000D5F80402CA6805F5037190470020B0BDBD
:106D00000320B0BD70B58121044600F055FC00257C
:106D10002046012184F8375000F04EFC20468221A5
:106D200084F8775100F048FCD4F8D40284F84B5032
:106D300004EB8000D0F8C012656489B1D0F8C402B9
:106D400040688047D4F8D40204F5307656F8200025
:106D500001F05EF9D4F8D40246F82050C4F8BC52D1
:106D6000002070BD10B5D0F8D41200EB8100D0F82F
:106D7000C0428CB1D0F8C41281B194F80002FF284F
:106D80000CD08B6894F8012221469847FF2084F8A4
:106D90000002002010BD00BF032010BD002010BD68
:106DA000014640F2F0000A22C2F200000A80704759
:106DB000F0B581B040F2AC07C2F200070446384695
:106DC000822100F033FB06463846012100F02EFBFD
:106DD00005463846812100F029FB002E1CBF1021FA
:106DE000B171002D1CBF4021A98000281CBF40218B
:106DF0008180432140F2AC00C2F20000218001B04A
:106E0000F0BD0000F0B581B040F2AC07C2F200075F
:106E100004463846822100F009FB06463846012127
:106E200000F004FB05463846812100F0FFFA002EF1
:106E30001CBF1021B171002D1CBF4FF40071A9803F
:106E400000281CBF4FF400718180432140F2AC0048
:106E5000C2F20000218001B0F0BD0000F0B581B0A9
:106E600040F2AC07C2F2000704463846822100F027
:106E7000DDFA06463846012100F0D8FA05463846C4
:106E8000812100F0D3FA002E1CBF1021B171002D1A
:106E90001CBF4021A98000281CBF402181804321C4
:106EA00040F2AC00C2F20000218001B0F0BD000051
:106EB0002DE9F04104464FF4077001F0ABF80028CB
:106EC0004CD04FF407710546F9F78DFAD4F8D40287
:106ED000402704EB8000C0F8C052207CC4F8BC52AC
:106EE000002808BF4FF400772046812102223B464C
:106EF000022600F095FC4FF00108204601210222F5
:106F00003B4684F8378000F08BFC102060642046FC
:106F100082210322082384F8778100F081FCD4F8D1
:106F2000D4020027C5F8047204EB8000D0F8C40234
:106F300084F84B8000688047C5F81472C5F8187251
:106F4000D5F804223AB1207C90B12046012140239B
:106F500000F07AFC00263046BDE8F081D4F8D40277
:106F6000002104EB8000C0F8C0120220BDE8F081CF
:106F7000204601214FF4007300F066FC0020BDE8BC
:106F8000F081000080B5D0F8D41200EB8101D1F877
:106F9000C01279B190F810C0D1F804224023012129
:106FA000BCF1000F08BF4FF4007300F04DFC00204F
:106FB00080BD00BF032080BD00290FBF0320D0F893
:106FC000D42200EB8200C0F8C41218BF0020704722
:106FD000D0F8D42200EB8200D0F8C00200280EBF07
:106FE0000320C0F80412002070470000D0F8D4320B
:106FF00000EB8300D0F8C00200280FBF0320C0F8C8
:107000000812C0F8102200207047000070B582B04E
:107010000446D0F8D4020D4604EB8000D0F8C062DC
:1070200000218DF80710ADF80410CEB1297811F0C9
:10703000600219D0202A5FD1EA88002A2CD00906E4
:1070400036D46878314686F800022046402A28BFA8
:10705000402286F8012200F0A1F8002618E000BFC7
:107060000326304602B070BD68780B2844D800264D
:10707000DFE800F0060E42424242424242422C3ACF
:1070800094F89C02032837D101A92046022225E06A
:10709000304602B070BD00BFD0F8C40229468368F4
:1070A0006878002200269847304602B070BD00BFC5
:1070B000D0F8C4023146836868789847EA88204649
:1070C0003146072A28BF072208E000BF94F89C0237
:1070D000032811D10DF107012046012200F07AF8B2
:1070E0000026304602B070BD94F89C02032803D1FC
:1070F0000026304602B070BD2046294600F042F816
:107100000326304602B070BD80B5D0F8D41200EB33
:107110008101D1F8C0223AB1D2F8141200294FF0FF
:10712000010103D0084680BD032080BDC2F81412BF
:10713000D2F81032D2F808228121836200F05CFC80
:107140000021084680BD000080B5D0F8B822526802
:107150009047002818BF032080BD00000020704722
:107160000020704780B513460A46002100F06CFBF2
:10717000002080BD80B513460A46002100F03CFC8B
:10718000002080BD10B58021044600F003FC20469D
:107190000021BDE8104000F0FDBB000080B51346A3
:1071A0000A460321C0F894120021C0F86421C0E906
:1071B000553300F049FB002080BD000080B505215B
:1071C000C0F8941200210022002300F03DFB0020B3
:1071D00080BD000080B513460A460221C0F8941213
:1071E00000214262C0E9053300F006FC002080BDAA
:1071F00080B50421C0F8941200210022002300F081
:10720000FBFB002080BD000010B540F24444C2F2F8
:1072100000040A4602A0214600F028F9204610BDCD
:1072200043444320436F6E666967000040F2FC00F0
:107230001222C2F200000A807047000010B540F22E
:107240004444C2F200040A4602A0214600F00EF9AE
:10725000204610BD43444320496E746572666163E5
:107260006500000040F224100422C2F200000A80EF
:107270007047000010B540F24444C2F200040A46D0
:1072800002A0214600F0F2F8204610BD524D000049
:1072900010B540F24444C2F200040A4602A021465E
:1072A00000F0E4F8204610BD53544D3332205669A7
:1072B000727475616C20436F6D506F7274000000C2
:1072C000B0B547F61020C1F6FF70026883684FF032
:1072D0001A0C9B18A1F800C000F0A3804FF0370CE7
:1072E0001A0F0CEB13714068B3F1204F38BF02F155
:1072F000300140F22812C2F20002917019014FF0E1
:10730000000E0CEB117582F803E0C3F30364B1F1D6
:10731000204F38BF04F13005190215710CEB1175BF
:1073200082F805E0C3F30354B1F1204F38BF04F1F4
:107330003005190395710CEB117582F807E0C3F362
:107340000344B1F1204F38BF04F130051904157220
:107350000CEB117582F809E0C3F30334B1F1204F4F
:1073600038BF04F13005190595720CEB117582F8E0
:107370000BE0C3F30324B1F1204F38BF04F1300513
:1073800019061573C3F303140CEB1175B1F1204FFB
:107390004FEA037103F00F0382F80DE038BF04F1E8
:1073A000300503F13704957382F80FE0B1F1204FF7
:1073B00038BF03F13004010F0CEB1073147482F822
:1073C00011E0B0F1204F38BF01F1300301010CEBA7
:1073D0001174937482F813E0C0F30363B1F1204F8A
:1073E00038BF03F1300401021475C0F303530CEBF2
:1073F0001174B1F1204F4FEA003182F815E038BF27
:1074000003F130040CEB1173947582F817E0C0F3AC
:107410000340B1F1204F38BF00F13003137682F8FA
:1074200019E040F22810C2F20000B0BD80B5B0F8FB
:1074300002C090F800E0F44516D9734650FA8EF079
:107440004278052A0BD106E090F800E050FA8EF061
:107450004278052A03D182788A4208BF80BD53FA58
:107460008EF39AB26245EFD3002080BD10B500289C
:1074700078D0037833B300F1020EF4461CF8013CD7
:107480005BB19CF8003043B19CF801302BB19CF803
:1074900002300CF1040C002BF0D14FF0000C00BFB7
:1074A0001EF8013C93B19EF800309BB19EF801306C
:1074B000A3B19EF802300CF1040C002B0EF1040E67
:1074C000EED10DE04FF0000C0AE000BF4CF0010CD3
:1074D00006E000BF4CF0020C02E000BF4CF0030CD1
:1074E0005FFA8CFC022303EB4C03138003220B7026
:1074F0004A7090F800E0BEF1000F33D0841C0222E5
:107500004FF0000C1AE000BF101DC0B20B5440F049
:10751000010001F800C06378002B08BF10BD901D6A
:10752000C0B20B5440F0010001F800C094F802E032
:107530000832BEF1000F04F1040413D0D3B201F8F5
:1075400003E043F0010301F803C014F8013C4BB120
:10755000901CC0B20B5440F0010001F800C0237829
:10756000002BD1D110BD0000002804BF03207047BC
:107570000023C0F8B832C0F8C4320029C0F8D032B5
:1075800018BFC0F8B412012180F89C12027000F0FC
:10759000D9B8000080B5D0F8C802FBF725F840F252
:1075A0000032C100C0F2013222FA01F1032888BF83
:1075B0000321C8B280BD000080B5D0F8C802FAF738
:1075C000EDFF40F20032C100C0F2013222FA01F1B7
:1075D000032888BF0321C8B280BD0000B0B50446AF
:1075E00091B194F89C02032853D1D4F8B8024269AF
:1075F000002A4ED00020C4F8D4022046904700282C
:1076000008BF0020B0BD00BFD4F89402022839D1D1
:10761000A069218C88420FD9421A606AA261014494
:1076200020466162FFF7A6FD2046002100220023CC
:1076300000F00AF926E000BF10D1616981420DD344
:10764000D4F89802814209D2204600210022002568
:10765000FFF790FDC4F89852E6E700BF94F89C024B
:10766000032808D1D4F8B802C16821B10020C4F8B9
:10767000D402204688472046802100F08BF920461E
:10768000FFF79CFD94F8A00200281CBF002084F89E
:10769000A0020020B0BD000010B5044681B194F8EE
:1076A0009C02032824D1D4F8B802826902B30020D6
:1076B000C4F8D40220469047002808BF002010BD1F
:1076C000D4F89402032813D1D4F85801B4F86021F7
:1076D00090420FD9D4F86411801A1144C4F85801AB
:1076E000C4F86411904288BF02462046FFF73AFD75
:1076F000002010BD94F89C02032808D1D4F8B802E9
:10770000016921B10020C4F8D402204688472046F0
:10771000FFF76EFD002010BD0020704780B50121ED
:1077200080F89C12D0F8B81231B14A6801799047BC
:10773000002818BF032080BD002080BDD0F8C802FB
:10774000FAF784BF10B5017811B1002010BD00BF59
:1077500041F6A441C2F20001C1F8E004C0F8C81229
:107760004FF0A0400860042008714FF40070C880FA
:107770000220C1F809000020C8810846FBF7BEFCC2
:10778000002818BFF9F786FB41F6A444C2F20004B2
:1077900020468021FAF76AFE204600214022FAF7AF
:1077A00069FE204601218022FAF764FE002010BD08
:1077B000D0F8C80201F07F0202EBC20200EB8200A7
:1077C00000F11602090658BF00F2562210787047E1
:1077D00080B5D0F8D42200EB8202D2F8B8224AB1A8
:1077E00090F89C32032B02D1126A02B1904700201C
:1077F00080BD00BF032080BD80B5D0F8D42200EB4F
:107800008202D2F8B8224AB190F89C32032B02D1FE
:10781000526A02B19047002080BD00BF032080BDA6
:1078200080B59446D0F8C8021A466346FAF718FFA6
:1078300040F20032C100C0F2013222FA01F1032805
:1078400088BF0321C8B280BD80B5D0F8C802FAF75E
:1078500039FF40F20032C100C0F2013222FA01F1D8
:10786000032888BF0321C8B280BD0000F0B581B0F5
:107870000126002580F89C62C0F8945204464560B9
:10788000D0F8B802C4F8A45284F8A05258B14268A3
:1078900042B12046002190470546002818BF032525
:1078A00001E000BF002520460021002240234027A0
:1078B000FFF7B6FF204680210022402384F8636151
:1078C000A4F86071FFF7ACFF84F823602846278492
:1078D00001B0F0BD90F89C12042904BF90F89D12ED
:1078E00080F89C120020704780B590F89C12032904
:1078F00006D1D0F8B81219B1C969002918BF884754
:10790000002080BD024600201174704780B5D0F879
:10791000C802FBF78BFD40F20032C100C0F2013219
:1079200022FA01F1032888BF0321C8B280BD0000FC
:10793000B0B500F2AA250446284600F06FF80120F1
:10794000C4F8940294F8AA02B4F8B02200F01F011F
:107950000229C4F8982209D001290DD091B92046F6
:107960002946BDE8B04000F091B800BF2046294646
:10797000BDE8B04000F044BA20462946BDE8B0401A
:1079800000F0FCBA00F080012046BDE8B04000F0F5
:1079900001B8000080B5D0F8C802FAF7B5FE40F291
:1079A0000032C100C0F2013222FA01F1032888BF7F
:1079B0000321C8B280BD000080B5D0F8C802FBF733
:1079C00051FD40F20032C100C0F2013222FA01F151
:1079D000032888BF0321C8B280BD0000014690F88B
:1079E0009C02042204281CBF91F89C0281F89D028D
:1079F000002081F89C22704780B5D0F8C802FAF7C1
:107A0000BFFE40F20032C100C0F2013222FA01F1A1
:107A1000032888BF0321C8B280BD00000A78027025
:107A20004A7842704A8842808A888280C988C180A8
:107A30007047000010B582B004460020ADF8060083
:107A4000B1B1D4F8D42204F52E70C4F8B81250F8AD
:107A50002200C16A21B10DF106008847C4F8D002A6
:107A6000D4F8D8020130C4F8D802002002B010BD0A
:107A7000032002B010BD0000D0F8B822002A04BFD5
:107A80000020704712681047FFF796BFB0B582B06C
:107A90000D460978044611F0600111D0402901D04B
:107AA00020292FD1D4F8D402294604EB8000D0F845
:107AB000B8028268204602B0BDE8B040104700BF5F
:107AC0006878092800F2D080DFE800F00628CE3A76
:107AD000CE4666CE7E9200BF94F89C020138022802
:107AE00000F2C280E888022840F0BE80D4F8A402E8
:107AF0000322002808BF0122214641F80C2F20460E
:107B0000022263E120468021FFF744FF2046002146
:107B10000025FFF73FFF284602B0B0BD94F89C0255
:107B20000138022800F2A080688800250128F2D1DF
:107B30002046C4F8A452FFF75BFB284602B0B0BD54
:107B40006888022800F08680012840F08D8001209E
:107B5000C4F8A40240E100BFA888002840F0848057
:107B6000E888002840F0808068887F2800F27C80C8
:107B700094F89C12032900F07780C5B284F89E0225
:107B800020462946FFF7C2FE2046FFF731FB002DB5
:107B90000CBF01200220EFE068884FF0FF3101EBBD
:107BA000102100220629ADF8062000F21D81DFE831
:107BB00011F00700670075001B011B0183008F0097
:107BC000D4F8B4020268F1E0E88801284CD194F8B6
:107BD0009C02411E022941D20025214641F8085F3E
:107BE00020460122FFF7F6FA284602B0B0BD00BFDA
:107BF000688840F24045C2F2000510F0FE0F287080
:107C00000CD020468021FFF7C5FE20460021FFF75B
:107C1000C1FE0325284602B0B0BD00BF94F89C22E7
:107C2000C1B2032A62D0022A40F08280002900F00B
:107C3000D38020466160FFF71FFF002800F0988086
:107C4000054620468021FFF7A5FE20460021FFF7CC
:107C5000A1FE67E0687984F8A002BDE0032803D1A3
:107C6000211D20460122B1E020468021FFF792FE2F
:107C7000204600210025FFF78DFE284602B0B0BD4A
:107C8000217CD4F8B80200290CBF816AC16A0DF1C9
:107C9000060088470146022026E000BFC0B2052842
:107CA00000F2A280DFE800F0046E72767A7E00BFF8
:107CB000D4F8B402426878E0207C002840F0948038
:107CC000D4F8B802416B0DF10600884772E000BF9E
:107CD000207C002840F08880D4F8B802016B0DF1B8
:107CE0000600884701460720487064E081B3606859
:107CF000884271D0C1B22046FFF726FA2978204683
:107D00006160FFF7B9FE002866D005462046802155
:107D1000FFF740FE20460021FFF73CFE2179204678
:107D2000FFF712FA022084F89C02284602B0B0BD88
:107D300020468021FFF72EFE20460021FFF72AFE75
:107D400029782046FFF700FA0325284602B0B0BD87
:107D5000022084F89C026160204600210025FFF784
:107D6000F3F92046FFF744FA284602B0B0BD00BF41
:107D70002046FFF73DFA032084F89C0200252846A0
:107D800002B0B0BDD4F8B40282680EE0D4F8B402F8
:107D9000C2680AE0D4F8B402026906E0D4F8B4027A
:107DA000426902E0D4F8B4028269EAB1207C0DF1A4
:107DB000060190470146EA8872B1BDF8060098B105
:107DC000904238BF02462046ADF80620FFF702FA7F
:107DD0000025284602B0B0BD2046FFF709FA00256D
:107DE000284602B0B0BD00BF20468021FFF7D2FD7B
:107DF00020460021FFF7CEFD0025284602B0B0BD89
:107E000070B50E460978357911F0600104460BD043
:107E1000402902D0202940F07F8020462946FFF7E4
:107E20009DF9D8B1002070BD707828B301283DD0ED
:107E3000032871D194F89C0203283BD1708840B983
:107E400015F07F0005D0F08818B920462946FFF7C5
:107E5000A1FD2046FFF7CCF9002070BDD4F8B80290
:107E600082680020002AC4F8D402DBD020463146C4
:107E7000BDE87040104700BF94F89C02032827D04B
:107E8000022808BF5FEA456046D105F07F0000EB9D
:107E9000800004EB800000F114012A0658BF00F5B1
:107EA000AA71002001F80E0F62E000BF94F89C0256
:107EB00003283BD002282FD168062DD02046294622
:107EC000FFF768FD20468021FFF764FD002070BDAC
:107ED00005F00F0101EB810115F0800004EB810139
:107EE00014BF91F8231091F86311A9B105F07F0137
:107EF00001EB810104EB810101F11406002808BFA8
:107F000001F5AA7668062FD020462946FFF750FCD7
:107F100050B3012029E000BF20468021FFF73AFD41
:107F200020460021FFF736FD002070BD7088002834
:107F30007FF478AF680603D020462946FFF72AFB76
:107F40002046FFF755F920462946FFF707F9002894
:107F50007FF468AFD4F8B80282680020002AC4F821
:107F6000D4027FF483AF5DE7002006F10E01B07309
:107F700020460222FFF72EF9002070BDB0B50D4655
:107F80000978044611F0600118BF402914D194F813
:107F90009C020138022803D8A88810F0FE0F19D0DF
:107FA00020468021FFF7F6FC204600210025FFF740
:107FB000F1FC2846B0BD00BF2029E8D02046802132
:107FC000FFF7E8FC204600210025FFF7E3FC2846E8
:107FD000B0BD00BFC1B22046FFF7C2F810B1032008
:107FE000B0BD00BFD4F8B8028268002AF7D00020E4
:107FF000C4F8D402204629469047E988054600295E
:1080000008BF002DE3D12046FFF7F2F80020B0BDF5
:108010007047000040F24460C2F200007047000068
:1080200080B54B780A78012B02F00F031CD14FF07A
:10803000010CD0F81CE80CFA03F343EA0E03C0F875
:108040001C3800EB4210D0F800391B042BD48B688D
:1080500000F5106091F804C001686FF3DF2343EA74
:108060008C4341EA825118E04FF4803CD0F81CE880
:108070000CFA03F343EA0E03C0F81C3800EB42107D
:10808000D0F8002B12040ED48A6800F5306009790C
:108090006FF3DF22036842EA8141194341F08051C6
:1080A00041F400410160002080BD00000146D0F88D
:1080B000000940F2FF729043C1F80009D1F80408AA
:1080C00040F480720020C1F80428704782B002F4A6
:1080D0007F42B2F5807F40F09980826B4FF6BF738C
:1080E00022F480328263C268CFF6BD731A40C26048
:1080F000029BC268DBB222F44012012BC26003D1A2
:10810000C26842F48012C26000220092009A0132DA
:108110000092009AB2F1706F00F2F0800269002ABA
:1081200021D4009A01320092009AB2F1706F00F2ED
:10813000E5800269002A16D4009A01320092009A62
:10814000B2F1706F00F2DA800269002A0BD4009A53
:1081500001320092009AB2F1706F00F2CF80026992
:10816000B2F1FF3FD2DC0A220092009AAAB100BF0E
:10817000009A013A0092009A7AB1009A013A00926C
:10818000009A52B1009A013A0092009A2AB1009ADC
:10819000013A0092009A002AEAD1026942F00102F3
:1081A0000261009A01320092009AB2F1706F00F2FF
:1081B000A5800269D20720D0009A01320092009A6D
:1081C000B2F1706F00F29A800269D20715D0009A5E
:1081D00001320092009AB2F1706F00F28F80026952
:1081E000D2070AD0009A01320092009AB2F1706F61
:1081F00000F284800269D207D3D14FF0000C01F461
:108200007F01B1F5803F40F099808FE0C26842F075
:108210004002C26000220192019A01320192019A49
:10822000B2F1706F72D80269002A1ED4019A01322D
:108230000192019AB2F1706F68D80269002A14D4D1
:10824000019A01320192019AB2F1706F5ED802690F
:10825000002A0AD4019A01320192019AB2F1706F98
:1082600054D80269B2F1FF3FD6DC0A220192019A8A
:10827000AAB100BF019A013A0192019A7AB1019A1A
:10828000013A0192019A52B1019A013A0192019A7E
:108290002AB1019A013A0192019A002AEAD10269AF
:1082A00042F001020261019A01320192019AB2F197
:1082B000706F2BD80269D2071DD0019A013201924A
:1082C000019AB2F1706F21D80269D20713D0019AD6
:1082D00001320192019AB2F1706F17D80269D20788
:1082E00009D0019A01320192019AB2F1706F0DD852
:1082F0000269D207D7D14FF0000C09E04FF0030C10
:1083000001F47F01B1F5803F18D10FE04FF0030C6D
:10831000826B13F47F4F14BF22F4803242F4803218
:10832000826301F47F01B1F5803F07D1816841F09C
:1083300006018160816841F020018160604602B0E1
:108340007047000080B54B780A78012B2AD100EBEA
:108350004211D1F8003947F6000CCEF6334C01F546
:108360001061002B4FF0010E07D50B6843F000633E
:108370000B600B6843F080430B6002F00F02D0F8F3
:108380003C380EFA02F29343C0F83C38D0F81C385F
:1083900023EA0202C0F81C28086800EA0C02002048
:1083A0000A6080BD00EB421303F53061D3F800EBA7
:1083B00047F60003CEF6334303F1707CBEF1FF3F76
:1083C0004FF4803ED9DCD0E70146D0F8000E20F013
:1083D0000300C1F8000ED1F8040820F002020020CA
:1083E000C1F80428704700000146D0F8000E20F0C4
:1083F0000300C1F8000ED1F8040840F0020200208A
:10840000C1F80428704700002DE9F04F86B0C3F38F
:10841000074988460021B9F1000FC0F80411C0F8DF
:108420000811C0F80C11C0F81011C0F81411C0F8F0
:108430001811C0F81C11C0F82011C0F82411C0F8A0
:108440002811C0F82C11C0F83011C0F83411C0F850
:108450003811C0F83C1107D0816B21F40011816301
:10846000816B41F4002110E0D0F8041841F00201C2
:10847000C0F80418816B41F400118163816B21F411
:1084800000218163816B21F4802102F47F438163A9
:108490000021B3F5807FC0F8001E07D1D0F8003866
:1084A000B1EB186F08D1C0F8003809E0D0F8001817
:1084B00041F0030102E000BF43F00101C0F80018E1
:1084C000002104910499013104910499B1F1706F74
:1084D00052D8016900291ED40499013104910499EC
:1084E000B1F1706F48D80169002914D404990131A1
:1084F00004910499B1F1706F3ED8016900290AD442
:108500000499013104910499B1F1706F34D8016973
:10851000B1F1FF3FD6DC002104914FF48461016189
:108520000499013104910499B1F1706F24D8016963
:1085300089061DD50499013104910499B1F1706F38
:108540001AD80169890613D5049901310491049957
:10855000B1F1706F10D80169890609D5049901310C
:1085600004910499B1F1706F06D801698906D7D4D6
:108570004FF0000A02E000BF4FF0010A0021059110
:108580000599013105910599B1F1706F4ED80169D6
:1085900000291ED40599013105910599B1F1706F3B
:1085A00044D80169002914D4059901310591059930
:1085B000B1F1706F3AD8016900290AD405990131E7
:1085C00005910599B1F1706F30D80169B1F1FF3FA4
:1085D000D6DC002105911021016105990131059139
:1085E0000599B1F1706F21D80169C90620D50599A7
:1085F000013105910599B1F1706F17D80169C9066C
:1086000016D50599013105910599B1F1706F0DD815
:108610000169C9060CD50599013105910599B1F19A
:10862000706F03D80169C906D7D401E04FF0010A81
:108630005FFA88F44FF0000B002CC0F810B8C0F8B7
:1086400014B8C0F81CB800F0088100F51066316855
:108650004FF0006303EA11114FF67F35B4F1010EBC
:108660003160C6F810B0B5607AD01746A21ECDF8BA
:108670000CA0032A0EF0030A04D22023BAF1000F43
:1086800044D166E0CDE9008902972EF0030700236C
:108690004FF0904C4FF67F324FF0000800EB08018E
:1086A000D1F82099043F0CEAE975C1F82059C1F8C6
:1086B0003039C1F82829D1F8405908F180080CEA6E
:1086C000E575C1F84059C1F85039C1F84829D1F8C9
:1086D00060590CEAE575C1F86059C1F87039C1F804
:1086E0006829D1F880590CEAE575C1F88059C1F8BC
:1086F0009039C1F88829D1D108F12003029FDDE922
:1087000000894FF67F35BAF1000F22D0F1584FF0B3
:10871000904C0CEAE171F218F15000264FF67F33CD
:10872000BAF1010F1661936013D0116ABAF1020F0A
:108730000CEAE1711162166393620AD0116C4FF07A
:10874000904303EAE1711164002111654FF67F3116
:108750009164DDF80CA0002C3A464FF000637CD009
:10876000D0F8001BBEF1000F03EA1111C0F8001B86
:108770004FF00001C0F8101BC0F8085B6DD0A11EBF
:1087800003290EF0030C05D22024BCF1000F3FD1C9
:1087900063E000BFCDE9022A2EF0030500234FF06D
:1087A00090474FF67F3200214618D6F8204B043D03
:1087B00007EAE474C6F8204BC6F8303BC6F8282B0D
:1087C000D6F8404B01F1800107EAE474C6F8404B4B
:1087D000C6F8503BC6F8482BD6F8604B07EAE4745D
:1087E000C6F8604BC6F8703BC6F8682BD6F8804BCD
:1087F00007EAE474C6F8804BC6F8903BC6F8882BAD
:10880000D2D1DDE9022A01F12004BCF1000F24D00D
:1088100000F530673E594FF0904303EAE676391988
:108820003E5100274FF67F34BCF1010F0F618C6081
:1088300013D00E6ABCF1020F03EAE6730B620F63FA
:108840008C620AD00F6C4FF0904303EAE7730B641D
:1088500000230B654FF67F338B64D0F8101818F4A3
:108860007F0F21F48071C0F810186FF08041C0F8BC
:1088700018B0416103D1816941F0100181618169C2
:1088800043F60003C8F23C03194312F47F0F8161E1
:1088900003D0816941F008018161B9F1010F05D16F
:1088A000816941F0804141F004018161504606B088
:1088B000BDE8F08F0146806820F0010200208A6048
:1088C00070470000D0F840C043F20B03C4F6547365
:1088D0009C4503D3D0F8003B002B1ED40023C0F8E6
:1088E000103BD0F8103B012943F40023C0F8103BA3
:1088F000D0F8103B43F01803C0F8103BD0F8103B01
:1089000043F0C043C0F8103B07D1C0F8142BD0F897
:10891000001B41F08021C0F8001B002070470000C0
:108920004B780A78012B00EB42100DD1D0F80029CA
:1089300022F40012C0F80029097901F0FE01022991
:1089400013D100F510600CE0D0F8002B22F40012D7
:10895000C0F8002B097901F0FE01022905D100F5CC
:108960003060016841F080510160002070470000D4
:108970004B780A78012B00EB421007D1D0F8001990
:10898000002900F5106107D50BE000BFD0F8001BEF
:10899000002900F5306104D41AB1086820F0804045
:1089A0000860086840F4001200200A607047000068
:1089B000F0B54B7891F800C0012B37D1D1F810E019
:1089C00000EB4C1400254FF6FF76D4F81079CFF663
:1089D000F875CEF20706BEF1000F04F510634FD014
:1089E0003D401D611D69BCF1000F05EA06051D61D2
:1089F0008E6800F09D800EEB0605013DB5FBF6F597
:108A00000026C1F6F8761F6906EAC5463E431E6198
:108A10000E79012E40F099801E6926F0C0461E6135
:108A20004FF0C04606EA45758CE000BF00EB4C13E2
:108A3000D3F8107BBCF1000F6FF31207C3F8107B63
:108A4000D3F8107B6FF3DC47C3F8107B8C680E699A
:108A500003F530633CD0002E3ED03719013FB7FB01
:108A6000F4F7BEB274430C620026C1F6F8761D69B5
:108A700006EAC7472F436FF3DF441F6133E000BFAF
:108A800037401F611F694FF0000E47F400271F6138
:108A90001F693D40012A1D615FD000F510634FEA58
:108AA0004C141D5945F004451D510D79012D33D14C
:108AB000D0F80858E658ED054FF0805558BF4FF0F4
:108AC00000553543002AE55062D00020F0BD00BFBC
:108AD000002E18BF0C610C621F696FF3DF4427433F
:108AE0001F614FF400241F69012A47EA04071F6130
:108AF00003D1CA68002A18BF5A61097901293FD1F8
:108B0000D0F808081968C0054FF0805058BF4FF0E2
:108B10000050084333E000BFBEF1000FD5D00CF089
:108B20000F01012202FA01F100F634032AE000BF2E
:108B3000B64505D90E614FF40025B64602E000BFE8
:108B40004FF400251E6935431D6175461E696FF39C
:108B5000DF453543012A1D619FD1CA69002A18BF2C
:108B6000C4F81429097901290AD1D0F80818D4F8D1
:108B70000009C9054CBF40F0805040F0005018601B
:108B80004FF004411868084318600020F0BD00BF92
:108B90005FEA0E4299D0032313FA8EF64FF0FF33AB
:108BA000C96803EB960300F580504FEA0C32032BA3
:108BB000C6F381030ED3B70827F003040F68043C03
:108BC00017504F6817508F681750CF6801F1100188
:108BD0001750F3D1002B3FF478AF0F68012B1750DB
:108BE0003FF473AF4F68022B17503FF46EAF8968A4
:108BF00011500020F0BD000081B0002200924A78A0
:108C0000012A3BD10A7800F5106152018858B0F171
:108C1000FF3F3BDC505842F2107340F00060505070
:108C2000505840F08040505000980130009000981B
:108C3000984265D85058B0F1FF3F27DC00980130CA
:108C40000090009898425BD85058B0F1FF3F1DDC6F
:108C50000098013000900098984251D85058B0F1D7
:108C6000FF3F13DC0098013000900098984247D8ED
:108C7000505800284FF00000D6D43EE00A7800F5A6
:108C8000306152018858B0F1FF3F03DD002001B090
:108C9000704700BF505842F2107340F000605050CF
:108CA000505840F08040505000980130009000989B
:108CB000984225D85058B0F1FF3FE7DC00980130CA
:108CC0000090009898421BD85058B0F1FF3FDDDC6F
:108CD0000098013000900098984211D85058B0F197
:108CE000FF3FD3DC0098013000900098984207D8ED
:108CF000505800284FF00000D6D401B0704700BF94
:108D0000012001B0704700000146806840F0010278
:108D100000208A607047000081B000220092009A13
:108D200001320092009AB2F1706F51D80269002AA4
:108D30001ED4009A01320092009AB2F1706F47D8A7
:108D40000269002A14D4009A01320092009AB2F10A
:108D5000706F3DD80269002A0AD4009A013200924D
:108D6000009AB2F1706F33D80269B2F1FF3FD6DCDE
:108D700089010022203100920161009901310091A6
:108D80000099B1F1706F23D8016989061DD500994A
:108D9000013100910099B1F1706F19D8016989060C
:108DA00013D50099013100910099B1F1706F0FD87E
:108DB0000169890609D50099013100910099B1F145
:108DC000706F05D801698906D7D4002001B07047BB
:108DD000032001B070470000D0F8080800F0060139
:108DE00080074FF0020058BF0F20002908BF084637
:108DF00070470000406900F001007047D0F8181873
:108E0000D0F81C08084080B270470000D0F818184D
:108E1000D0F81C080840000C70470000D0F810C8BB
:108E2000D0F8343801F00F0223FA02F2D20100EB3D
:108E30004110D2B2D0F8080942EA0C01084070474C
:108E400000EB4111D1F8081BD0F814080840704716
:108E5000416980690840704710B5930802F0030E1D
:108E60002CD05A1E032A03F0030C0FD323F0030364
:108E70004FF480528458043B0C6084584C608458F2
:108E80008C608458CC6001F11001F3D1BCF1000F6B
:108E900014D04FF4805284580B46BCF1010F43F8B4
:108EA000044B05D11946BEF1000F0AD11EE000BFE8
:108EB0008258BCF1020F4A601AD10831BEF1000F8E
:108EC00014D04FF4805280580A46BEF1010F02F8C8
:108ED000010B04BF104610BD020ABEF1020F4A701A
:108EE00004BF881C10BD000C88700331084610BDFB
:108EF0004FF4805282588A600C31BEF1000FE0D1ED
:108F0000F4E70000B0B50446C068002920F0C04076
:108F1000E06000F09980012940F0B080E0680A2507
:108F200040F00050E0600A20F8F76EFD54F8140F8E
:108F3000C00740F09C800A20F8F766FD2068C00753
:108F400040F09E800A20F8F75FFD2068C00740F0DF
:108F5000A5800A20F8F758FD2068C00740F0AC80D3
:108F60000A20F8F751FD2068C00740F0B3800A20BE
:108F7000F8F74AFD2068C00740F0BA800A20F8F7E9
:108F800043FD2068C00740F0C1800A20F8F73CFD8F
:108F90002068C00740F0C8800A20F8F735FD206837
:108FA000C00740F0CF800A20F8F72EFD2068C007E8
:108FB00040F0D6800A20F8F727FD2068C00740F06F
:108FC000DD800A20F8F720FD2068C00740F0E4802B
:108FD0000A20F8F719FD2068C00740F0EB800A204E
:108FE000F8F712FD2068C00740F0F2800A20F8F779
:108FF0000BFD2068C00740F0F9800A20F8F704FD57
:109000002068C00740F000810A20F8F7FDFC2068C6
:10901000C00740F007810A20F8F7F6FC2068C00777
:1090200040F00E810A20F8F7EFFC2068C00740F0FE
:1090300016810A20F8F7E8FC2068C825A5F1C800C9
:10904000B0FA80F04009B0BDE0680A2540F08040E9
:10905000E0600A20F8F7D8FC54F8140FC00706D0D7
:109060000A20F8F7D1FC2068C00711D11425A5F11A
:10907000C800B0FA80F04009B0BD00BF0120B0BD0B
:109080001425A5F1C800B0FA80F04009B0BD00BFBA
:109090000A20F8F7B9FC2068C00707D11E25A5F102
:1090A000C800B0FA80F04009B0BD00BF0A20F8F750
:1090B000ABFC2068C00707D12825A5F1C800B0FA8D
:1090C00080F04009B0BD00BF0A20F8F79DFC206881
:1090D000C00707D13225A5F1C800B0FA80F04009D9
:1090E000B0BD00BF0A20F8F78FFC2068C00707D189
:1090F0003C25A5F1C800B0FA80F04009B0BD00BF22
:109100000A20F8F781FC2068C00707D14625A5F1A1
:10911000C800B0FA80F04009B0BD00BF0A20F8F7DF
:1091200073FC2068C00707D15025A5F1C800B0FA2C
:1091300080F04009B0BD00BF0A20F8F765FC206848
:10914000C00707D15A25A5F1C800B0FA80F0400940
:10915000B0BD00BF0A20F8F757FC2068C00707D150
:109160006425A5F1C800B0FA80F04009B0BD00BF89
:109170000A20F8F749FC2068C00707D16E25A5F141
:10918000C800B0FA80F04009B0BD00BF0A20F8F76F
:109190003BFC2068C00707D17825A5F1C800B0FACC
:1091A00080F04009B0BD00BF0A20F8F72DFC206810
:1091B000C00707D18225A5F1C800B0FA80F04009A8
:1091C000B0BD00BF0A20F8F71FFC2068C00707D118
:1091D0008C25A5F1C800B0FA80F04009B0BD00BFF1
:1091E0000A20F8F711FC2068C00707D19625A5F1E1
:1091F000C800B0FA80F04009B0BD00BF0A20F8F7FF
:1092000003FC2068C00707D1A025A5F1C800B0FA6B
:1092100080F04009B0BD00BF0A20F8F7F5FB2068D8
:10922000C00707D1AA25A5F1C800B0FA80F040090F
:10923000B0BD00BF0A20F8F7E7FB2068C00707D1E0
:10924000B425A5F1C800B0FA80F04009B0BD00BF58
:109250000A20F8F7D9FB2068C0077FF4EAAEBE25E4
:10926000A5F1C800B0FA80F04009B0BD0246D0F8C0
:10927000000801F07F0120F4FE60C2F80008D2F877
:10928000000840EA01110020C2F8001870470000F1
:10929000022A02460ED145F24030CFF6277043F243
:1092A00000530844C0F20C0398420FD24FF47050A0
:1092B00002E000BF4FF41050D16821F47051D1602A
:1092C000D16801430020D160704700BF41F6406083
:1092D000CFF61B7044F240230844C0F20F039842BB
:1092E00002D24FF46050E7E7A1F5740044F68073B2
:1092F000A0F51050C0F21203984203D24FF4505020
:10930000DAE700BFA1F183704DF22063A0F5E740DA
:10931000C0F21303984203D24FF44050CCE700BF91
:109320004BF26060CFF6E5604EF260330844C0F265
:109330001603984202D24FF43050BDE74DF2003090
:10934000CFF6CE6047F240730844C0F21B03984248
:1093500002D24FF42050AFE745F6C030CFF6B360ED
:1093600049F2C0130844C0F22103984202D24FF4DC
:109370001050A1E7A1F1B77047F22053A0F5585063
:10938000C0F23803984203D24FF4005094E700BF74
:1093900045F2E040CFF6596049F6E0430144C0F29F
:1093A00041034FF4C050994238BF4FF4E05083E777
:1093B00010B5DDF808C0BCF1000F01D0002010BDD1
:1093C000002BFBD003F1030E4FF0FF3303EB9E03A2
:1093D00000F580541203032BCEF3810C10D34FEA17
:1093E0009E0323F0030300BF0868043B1051486844
:1093F000105188681051C86801F110011051F3D163
:10940000BCF1000FDAD00868BCF1010F1051D5D0C3
:109410004868BCF1020F10511CBF88681051002031
:1094200010BD0000FEE7000080B582B000208DF87E
:109430000700F7F753F88020F7F7BAF95520F7F748
:10944000B7F95520F7F7B4F98DF80700F7F73EF8AC
:109450009620F7F79BF8F7F741F88020F7F7A8F97F
:109460005520F7F7A5F95520F7F7A2F98DF8070071
:10947000F7F72CF89620F7F789F8F7F72FF87E2002
:10948000F7F796F9B620F7F793F9F7F71FF850209A
:10949000F7F77AF8F7F722F88020F7F789F95520DF
:1094A000F7F786F95520F7F783F98DF80700F7F7F6
:1094B0000DF89620F7F76AF8F7F710F88020F7F71D
:1094C00077F95520F7F774F95520F7F771F98DF80A
:1094D0000700F6F7FBFF9620F7F758F89DF807000E
:1094E0001E2847D1F6F7FAFF7D20F7F761F904202F
:1094F000F7F75EF9F6F7EAFF9620F7F747F8F6F781
:10950000EDFFFD20F7F754F95520F7F751F95520F5
:10951000F7F74EF98DF80700F6F7D8FF9620F7F722
:1095200035F89DF80700042828D1F6F7D7FF7C20EE
:10953000F7F73EF90020F7F73BF9F6F7C7FF96205B
:10954000F7F724F8F6F7CAFFFC20F7F731F95520B2
:10955000F7F72EF95520F7F72BF98DF80700F6F7F6
:10956000B5FF9620F7F712F89DF8070090B101209B
:1095700005E000BFFF2002B080BD00BF00204DF617
:10958000035100EB4000C0F600010844807802B0AF
:1095900080BD00BFF6F7A2FF4020F7F709F9AB2026
:1095A000F7F706F9F6F792FF9620F6F7EFFFF6F7D2
:1095B00095FFC020F7F7FCF85520F7F7F9F855208C
:1095C000F7F7F6F88DF80700F6F780FF9620F6F724
:1095D000DDFF9DF80700AB2824D1F6F77FFF41207F
:1095E000F7F7E6F80020F7F7E3F8F6F76FFF9620B5
:1095F000F6F7CCFFF6F772FFC120F7F7D9F8552040
:10960000F7F7D6F85520F7F7D3F88DF80700F6F7F7
:109610005DFF9620F6F7BAFF9DF8070020B1032002
:10962000ADE700BF0220AAE7F6F758FF5320F7F78F
:10963000BFF80820F7F7BCF8F6F748FF9620F6F7D2
:10964000A5FFF6F74BFFD320F7F7B2F85520F7F751
:10965000AFF85520F7F7ACF88DF80700F6F736FFAE
:109660009620F6F793FF9DF80700082826D1F6F715
:1096700035FF5820F7F79CF80420F7F799F8F6F72C
:1096800025FF9620F6F782FFF6F728FFD820F7F798
:109690008FF85520F7F78CF85520F7F789F88DF8F3
:1096A0000700F6F713FF9620F6F770FF9DF8070006
:1096B000042805D1002002B080BD00BF04205EE771
:1096C00005205CE72DE9F04F87B000208DF81B00E6
:1096D000F6F704FF8020F7F76BF85520F7F768F8E6
:1096E0005520F7F765F88DF81B00F6F7EFFE96208A
:1096F000F6F74CFFF6F7F2FE8020F7F759F8552001
:10970000F7F756F85520F7F753F88DF81B00F6F7E2
:10971000DDFE9620F6F73AFFF6F7E0FE7E20F7F73B
:1097200047F8B620F7F744F8F6F7D0FE5020F6F7E2
:109730002BFFF6F7D3FE8020F7F73AF85520F7F71E
:1097400037F85520F7F734F88DF81B00F6F7BEFE12
:109750009620F6F71BFFF6F7C1FE8020F7F728F8F2
:109760005520F7F725F85520F7F722F88DF81B005C
:10977000F6F7ACFE9620F6F709FF9DF81B001E28B1
:1097800040F09680F6F7AAFE4020F7F711F8AC20DB
:10979000F7F70EF8F6F79AFE9620F6F7F7FEF6F7CB
:1097A0009DFEC020F7F704F85520F7F701F8552083
:1097B000F6F7FEFF8DF81B00F6F788FE9620F6F709
:1097C000E5FE9DF81B00AC2876D15020F6F7DCFEB4
:1097D000F6F784FE7D20F6F7EBFF0420F6F7E8FFAE
:1097E000F6F774FE9620F6F7D1FEF6F777FEFD2029
:1097F000F6F7DEFF5520F6F7DBFF5520F6F7D8FF2A
:109800008DF81B00F6F762FE9620F6F7BFFE9DF876
:109810001B00042852D15020F6F7B6FEF6F75EFE84
:109820004120F6F7C5FF0320F6F7C2FFF6F74EFE1C
:109830009620F6F7ABFEF6F751FEC120F6F7B8FF1B
:109840005520F6F7B5FF5520F6F7B2FF8DF81B004F
:10985000F6F73CFE9620F6F799FE9DF81B000328CC
:109860002ED15020F6F790FEF6F738FE7C20F6F762
:109870009FFF0020F6F79CFFF6F728FE9620F6F7EC
:1098800085FEF6F72BFEFC20F6F792FF5520F6F743
:109890008FFF5520F6F78CFF8DF81B00F6F716FEAC
:1098A0009620F6F773FE9DF81B00A8B1032008E090
:1098B000FF2007B0BDE8F08F002002E0012000E0AB
:1098C00002204DF6BC4100EB4000C0F60001084408
:1098D000807807B0BDE8F08F5020F6F755FEF6F718
:1098E000FDFD6D20F6F764FF0D20F6F761FFF6F73A
:1098F000EDFD9620F6F74AFEF6F7F0FDED20F6F7BF
:1099000057FF5520F6F754FF5520F6F751FF8DF815
:109910001B00F6F7DBFD9620F6F738FE9DF81B00DE
:109920000D2840F097805020F6F72EFEF6F7D6FD72
:109930009220F6F73DFF9220F6F73AFF5520F6F712
:1099400037FF80465520F6F733FF83465520F6F75C
:109950002FFF05465520F6F72BFF07465520F6F753
:1099600027FF04465520F6F723FF0646F6F7AEFD1F
:10997000F6F7B4FD6D20F6F71BFF0920F6F718FF88
:10998000F6F7A4FD9620F6F701FEF6F7A7FDED2009
:10999000F6F70EFF5520F6F70BFF5520F6F708FFF8
:1099A0008DF81B00F6F792FD9620F6F7EFFD9DF877
:1099B0001B00092850D101A8D0C05020CDE904587F
:1099C000F6F7E2FDF6F78AFD9220F6F7F1FE922017
:1099D000F6F7EEFE5520F6F7EBFE80465520F6F73B
:1099E000E7FE82465520F6F7E3FE05465520F6F7DA
:1099F000DFFE81465520F6F7DBFE04465520F6F7DC
:109A0000D7FE0646F6F762FDF6F768FD6D20F6F71D
:109A1000CFFE0020F6F7CCFEF6F758FD9620F6F7BD
:109A2000B5FDF6F75BFDED20F6F7C2FE5520F6F723
:109A3000BFFE5520F6F7BCFE8DF81B00F6F746FD7D
:109A40009620F6F7A3FD9DF81B0038B1042007B05F
:109A5000BDE8F08F042034E7052032E70598009434
:109A60002C4640EA0B2548EA0A27F6F737FD7E2008
:109A7000F6F79EFEB620F6F79BFEF6F727FD502080
:109A8000F6F782FD28B239B2411A40F255508142B0
:109A900017DBDDE9032141EA022144EA092209B288
:109AA00012B2891A81420CDBDDE9011041EA002083
:109AB000009900B241EA062109B2401AB0F52A7FA6
:109AC00004DA802007B0BDE8F08F00BFF6F706FD8E
:109AD0008020F6F76DFE5520F6F76AFE5520F6F762
:109AE00067FE8DF81B00F6F7F1FC9620F6F74EFDA9
:109AF000F6F7F4FC8020F6F75BFE5520F6F758FEEB
:109B00005520F6F755FE8DF81B00F6F7DFFC962082
:109B1000F6F73CFD002007B0BDE8F08FB0B5F6F7D2
:109B2000EFFC8020F6F744FE5520F6F741FEF6F7ED
:109B3000DFFC9620F6F72AFDF6F7E2FC8020F6F728
:109B400037FE5520F6F734FEF6F7D2FC9620F6F7EE
:109B50001DFDF6F7D5FC1420F6F72AFEB620F6F721
:109B600027FEF6F7C5FC5020F6F70EFDF6F7C8FC09
:109B70008020F6F71DFE5520F6F71AFEF6F7B8FC22
:109B80009620F6F703FDF6F7BBFC8020F6F710FEF3
:109B90005520F6F70DFE0446F6F7AAFC9620F6F7D8
:109BA000F5FC0F2C1CBFFF20B0BDF6F7A9FC0F2061
:109BB000F6F7FEFD00200025F6F7FAFDF6F798FC13
:109BC0009620F6F7E3FCF6F79BFC8F20F6F7F0FD06
:109BD0005520F6F7EDFD0446F6F78AFC9620F6F7D9
:109BE000D5FCE4BBF6F78CFC1020F6F7E1FD8220F3
:109BF000F6F7DEFDF6F77CFC9620F6F7C7FCF6F7E5
:109C00007FFC9020F6F7D4FD5520F6F7D1FD0446F1
:109C1000F6F76EFC9620F6F7B9FC822C1ED1F6F70B
:109C20006FFC1120F6F7C4FD0020F6F7C1FDF6F732
:109C30005FFC9620F6F7AAFCF6F762FC9120F6F797
:109C4000B7FD5520F6F7B4FD0446F6F751FC962013
:109C5000F6F79CFC64B1022501E000BF01254DF63A
:109C6000155105EB4500C0F6000108448078B0BDF1
:109C7000F6F746FC1520F6F79BFD8020F6F798FDD9
:109C8000F6F736FC9620F6F781FCF6F739FC9520BE
:109C9000F6F78EFD5520F6F78BFD0446F6F728FC07
:109CA0009620F6F773FC802C1ED1F6F729FC1620BF
:109CB000F6F77EFD0020F6F77BFDF6F719FC9620FF
:109CC000F6F764FCF6F71CFC9620F6F771FD5520BC
:109CD000F6F76EFD0446F6F70BFC9620F6F756FCF9
:109CE00024B10425BBE700BF0325B8E7F6F708FC5D
:109CF0001820F6F75DFD0120F6F75AFDF6F7F8FBA0
:109D00009620F6F743FCF6F7FBFB9820F6F750FD9C
:109D10005520F6F74DFD0446F6F7EAFB9620F6F7D8
:109D200035FC012C04BF0020B0BD052597E70000DD
:109D300010B5F6F7E5FB8020F6F73AFD5520F6F76B
:109D400037FDF6F7D5FB9620F6F720FCF6F7D8FBA3
:109D50008020F6F72DFD5520F6F72AFDF6F7C8FB13
:109D60009620F6F713FCF6F7CBFB1420F6F720FD50
:109D7000B620F6F71DFDF6F7BBFB5020F6F704FC06
:109D8000F6F7BEFB8020F6F713FD5520F6F710FD21
:109D9000F6F7AEFB9620F6F7F9FBF6F7B1FB80205D
:109DA000F6F706FD5520F6F703FDF6F7A1FB962022
:109DB000F6F7ECFBF6F7A4FB3C20F6F7F9FC0120E4
:109DC000F6F7F6FCF6F794FB5020F6F7DDFBF6F716
:109DD00097FBBC20F6F7ECFC5520F6F7E9FC0446AF
:109DE000F6F786FB9620F6F7D1FBA00700F19280EC
:109DF000F6F786FBBC20F6F7DBFC5520F6F7D8FC1F
:109E00000446F6F775FB9620F6F7C0FBA00700F1B5
:109E10008380F6F775FBBC20F6F7CAFC5520F6F7F1
:109E2000C7FC0446F6F764FB9620F6F7AFFBA007E5
:109E300074D4F6F765FBBC20F6F7BAFC5520F6F7AC
:109E4000B7FC0446F6F754FB9620F6F79FFBA007F5
:109E500066D4F6F755FBBC20F6F7AAFC5520F6F7BA
:109E6000A7FC0446F6F744FB9620F6F78FFBA00705
:109E700058D4F6F745FBBC20F6F79AFC5520F6F7C8
:109E800097FC0446F6F734FB9620F6F77FFBA00715
:109E90004AD4F6F735FBBC20F6F78AFC5520F6F7D6
:109EA00087FC0446F6F724FB9620F6F76FFBA00725
:109EB0003CD4F6F725FBBC20F6F77AFC5520F6F7E4
:109EC00077FC0446F6F714FB9620F6F75FFBA00735
:109ED0002ED4F6F715FBBC20F6F76AFC5520F6F7F2
:109EE00067FC0446F6F704FB9620F6F74FFBA00745
:109EF00020D4F6F705FBBC20F6F75AFC5520F6F700
:109F000057FC0446F6F7F4FA9620F6F73FFB0121DA
:109F100011E000BF00210EE000210CE000210AE06A
:109F2000002108E0002106E0002104E0002102E019
:109F3000002100E00021402000EA0410002918BFA1
:109F4000402010BDB0B58AB041F640340120002158
:109F5000C2F200046D460890CDE90610CDE900116B
:109F6000CDE90211CDE9041120462946F7F700F8A2
:109F70002046F7F77BFB20460221F6F78FFF41F6DC
:109F800068340E20C2F2000409900590204629464C
:109F9000F6F7EEFF2046F7F769FB20460221F6F7B9
:109FA0007DFF0AB0B0BD000040F27000C2F20000B8
:109FB00000684DF68361C4F21B31A0FB011244F628
:109FC000D351C1F26201A0FB0101900C40F25C226E
:109FD000C2F20002107088095060704780B54EF2DE
:109FE000180140F25C22CEF20001C2F2000251F8E8
:109FF00004CC1278002302FB00FE08680AE000BFD0
:10A0000003449B1A904298BF63447345104628BF8F
:10A0100080BD00BF0A689042F2D10A689042EFD139
:10A020000A689042ECD10A689042F3D0E8E7000059
:10A0300070B540F2303440F25C36C2F20004C2F235
:10A04000000694ED000AD6ED040A06F12C00FBF799
:10A05000C3FC94ED011AD6ED050A42F2B82086ED54
:10A06000060AC2F20000B0EE410AFBF7B5FC42F26C
:10A070007224C2F20004B4F92A0086ED070A00EE49
:10A08000100AD6ED060A47F23020B8EEC00AC2F236
:10A090000000FBF7A1FCB4F9020086ED080A00EE0F
:10A0A000100AD6ED070A42F20030B8EEC00AC2F23A
:10A0B0000000FBF791FCB06886ED090A03F0B0FCE4
:10A0C000044640F22430C2F2000040680D4603F01E
:10A0D000A7FC41EC100B02F0D3FA51EC100B224616
:10A0E0002B4603F0A5FA03F015F801EE100A96EDE1
:10A0F000050A9FED2E3AB5EE401AF1EE10FAB4EED5
:10A10000430AB1EE412AC8BFB0EE421AF1EE10FA8E
:10A1100086ED0A1A06DC9FED261AB4EE410AF1EE2E
:10A1200010FA0ADA9FED221A22A0B4EE410AF1EEEB
:10A1300010FAB8BF04300068F06196ED040A9FED94
:10A140001F1AB4EE410AF1EE10FA06DC9FED1C1A5C
:10A15000B4EE410AF1EE10FA0ADA9FED191A19A0CD
:10A16000B4EE410AF1EE10FAB8BF04300068B061F5
:10A1700096ED090A0021BDEEC00A10EE100A002279
:10A180000023F6F759FB022000F09EFF96ED080A27
:10A190000021BDEEC00A10EE100A00220023F6F7DF
:10A1A0007DFB0220BDE8704000F08EBF00004842F9
:10A1B000000048C200401CC600401C46000034425B
:10A1C000000034C200409CC500409C45B0B540F240
:10A1D000FC24EFF311854FF0500080F31188BFF39A
:10A1E0006F8FBFF34F8FC2F200042078C00714D0E6
:10A1F00042F28810C2F20000816C09680968C90740
:10A200000BD1C06C00680068C00706D16078800779
:10A210005CBFA0785FEA807032D56078C00714D048
:10A2200042F28810C2F20000816C09680968C9070F
:10A230000BD1C06C00680068C00706D12078800789
:10A240005CBFA0785FEA807038D5A078C00714D0D2
:10A2500042F28810C2F20000816C09680968C907DF
:10A260000BD1C06C00680068C00706D12078800759
:10A270005CBF60785FEA80703CD585F31188B0BD23
:10A280002078012100F0FE0020702078002240F0AC
:10A29000020004F8140B0020C4F2020000F58060F4
:10A2A000F7F7F6FC40F20800C2F200000530214644
:10A2B0000822FBF78FFC85F31188B0BD6078102170
:10A2C00000F0FE0060706078002240F002006070D4
:10A2D0000020C4F20200F7F7DBFC40F20800C2F2F3
:10A2E00000000D3004F11C010922FBF773FC85F31B
:10A2F0001188B0BDA078102100F0FE00A070A078F9
:10A30000002240F00200A0700020C4F20200F7F723
:10A31000BFFC40F20800C2F20000013004F10C0161
:10A320000422FBF757FC85F31188B0BD42F2E0111F
:10A33000C2F20001096848637047000070470000DE
:10A3400080B584B0024601200DF10F01CDE9001067
:10A3500041F650404FF0640CC2F200001C21012372
:10A36000CDF808C0F7F75CFD9DF80F0004B080BD84
:10A3700080B584B002468DF80F1001200DF10F0159
:10A38000CDE9001041F650404FF0640CC2F20000DD
:10A390001C210123CDF808C0F7F770FE04B080BD82
:10A3A00041F60000C4F2020040210122F7F770BC20
:10A3B00041F60000C4F2020040210022F7F768BC19
:10A3C0007047000000F09AB9B0B5FFF7B7FFFFF78C
:10A3D000F7FFFFF7EDFF3220FFF7F4FFFFF7E0FF95
:10A3E0003220FFF7EFFF0020FFF7AAFF10281CBF65
:10A3F0004020B0BD0120FFF7E5FF0B200821FFF74B
:10A40000B7FF0120FFF7DEFF0B20FFF799FF04469F
:10A410000120FFF7D7FF082C34D141200921FFF795
:10A42000A7FF01200125FFF7CDFF4120FFF788FF9F
:10A4300004460120FFF7C6FF092C26D14220C02187
:10A44000FFF796FF0120FFF7BDFF4220FFF778FFDF
:10A4500004460120FFF7B6FFC02C15D10A200B21BE
:10A46000FFF786FF0120FFF7ADFF0A20FFF768FF27
:10A4700004460120FFF7A6FF0B2C04BF0020B0BD4F
:10A48000032502E0002500E0022505EB450002A1BE
:10A4900008448078B0BD00BF0B080141090242C0EA
:10A4A000030A0B04F7F7FAFEFCF7CCFAFAF794FD6F
:10A4B000FAF732FDFAF75CFEFAF77CFEFAF7A4FE33
:10A4C000FAF7EAFCFAF708FDFFF76EFDFFF73AFD31
:10A4D00000F084FCFAF744FD00F018F9FEE70000F4
:10A4E0008CB040F22800C2F2000090E88E0009AD66
:10A4F0000EC540F25C35C2F200056968D0E904641B
:10A50000CDE9067103A9D0E906CE81E81050D0E963
:10A510000812806A9FED5A8A9FED5A9A41F60048C8
:10A52000CDE90012029005F12C0009AA0021B0EE3D
:10A53000480AF0EE490AC4F202080896FBF7FAFA54
:10A5400042F2B820C2F2000006AA0021B0EE480A8A
:10A55000F0EE490AFBF7EEFA9FED4B8A47F2302006
:10A56000DFED4A0AC2F2000003AA0021B0EE480A59
:10A57000FBF7E0FA42F20030DFED450AC2F20000DC
:10A580006A460021B0EE480AFBF7D4FA9FED380B7B
:10A590009FED391B56EC109B54EC117B4FF0020BD6
:10A5A00005E000BF00202870022000F08DFDE86863
:10A5B00003F036FA4A46334602F0DEFD02F0AAFD09
:10A5C000E86003F02DFA41EC100B02F0BDF851ECFD
:10A5D000100B3A46234603F02BF802F09BFD297836
:10A5E000286103296861DFD895F801A0DFE801F050
:10A5F0000214243040464FF480610022F7F748FBF4
:10A6000040464FF400610022F7F742FBBAF1010F18
:10A61000CAD10120C7E700BF40464FF48061012244
:10A62000F7F736FB40464FF400610122F7F730FBA5
:10A63000BAF1030F0FD117E0BAF1000FB2D0BAF19F
:10A64000030F11D0BAF1020FAED1FFF7F1FCABE767
:10A65000BAF1000FA6D0BAF1020FA5D185F800B06B
:10A66000FFF7E6FCA0E700BF03209CE700BF00BFA8
:10A670007B14AE47E17A843F0000000000003E40BA
:10A6800000004843000048420080BB450000FA44F7
:10A6900000803B4540F2B82442F2702840F2303648
:10A6A00040F26C3940F27035C2F200044FF0FF40C6
:10A6B000C2F20008C2F20006C2F20009C2F20005AE
:10A6C000A06100BFB8F9000096E80E0000EE100A85
:10A6D000204640F8041FD9F800102F68B8EEC00AD1
:10A6E000C4E90417182184ED000AC4E90223F6F72F
:10A6F0003BF9032000F0E8FCE4E7000080B5002807
:10A7000008BF012000F0E0FC002080BD80B500F013
:10A7100093FD002080BD0000B0B584B043698E4633
:10A7200093B1846984B10589D0E9001C026928B21B
:10A73000843D18BFC51CCDE90053604673460294A2
:10A7400000F012FF04B0B0BD0589D0E90013028A01
:10A7500028B2843D18BFC51C03AC1846734600954B
:10A76000019400F0D1FE0399012818BF002108468A
:10A7700004B0B0BD28B940F2BC10C2F200000068BD
:10A7800010B13430704700BF4FF0500080F3118893
:10A79000BFF36F8FBFF34F8FFEE70000F0B581B0BE
:10A7A00040F2BC14C2F200040D46E76921680022A1
:10A7B00081F8522021680646081D00F01BFB18B1E5
:10A7C000701C0CD016E000BF20680121C06A6268CE
:10A7D00001FA00F022EA00006060701C0AD14DB15D
:10A7E00054F8500B011D204601B0BDE8F04000F0C8
:10A7F00063BB00BF2068BD19456007D3606A21684C
:10A80000043101B0BDE8F04000F024BB206A2168AB
:10A81000043100F01FFBE06A854238BFE56201B0F9
:10A82000F0BD00002DE9F041044600F05DFB40F270
:10A83000BC16C2F20006306942F248350130306180
:10A840003068C2F2000548B17069002840D1306814
:10A85000E16AC06A884298BF346039E03460306988
:10A86000012835D1284600F0E5FA05F1140000F082
:10A87000E1FA05F1280000F0DDFA05F13C0000F0F6
:10A88000D9FA05F1500000F0D5FA05F1640000F0A6
:10A89000D1FA05F1780000F0CDFA40F2D428C2F2E6
:10A8A0000008404600F0C6FA08F11407384600F0E8
:10A8B000C1FA06F1640000F0BDFA06F13C0000F0B8
:10A8C000B9FA06F1500000F0B5FAC6F820807762B8
:10A8D0007068B16801220131B160E16A8A401043B9
:10A8E000706001EB810005EB8000211D00F0E4FAAF
:10A8F00000F01EFB706988B13068E16AC06A884266
:10A9000028BFBDE8F0814EF60450CEF200004FF0B3
:10A9100080510160BFF34F8FBFF36F8FBDE8F081AF
:10A9200040F2BC1542F248364EF60458C2F2000519
:10A93000C2F20006CEF200084FF0805703E000BFDD
:10A94000204600F00DFBE868D0B100F0CDFAA86C0D
:10A95000C468201D00F04EFA286901382861E868B3
:10A960000138E86000F0E4FA94F851000228EAD0D7
:10A970000128E5D070B9206B00F0F2FAE0E700BFE3
:10A9800030680228DFD3C8F80070BFF34F8FBFF3E1
:10A990006F8FD8E74FF0500080F31188BFF36F8FAF
:10A9A000BFF34F8FFEE700002DE9F0470A9C824677
:10A9B000206B16460F46DDE908599100A5229846FE
:10A9C000F5F709FD206B002F00EB8600A0F10400D5
:10A9D00020F0070656D0387884F8340038780028FC
:10A9E0004BD0787884F835007878002845D0B8784E
:10A9F00084F83600B87800283FD0F87884F837001B
:10AA0000F878D0B3387984F838003879A8B37879F1
:10AA100084F83900787980B3B87984F83A00B87945
:10AA200058B3F87984F83B00F87930B3387A84F871
:10AA30003C00387A08B3787A84F83D00787AE0B13F
:10AA4000B87A84F83E00B87AB8B1F87A84F83F0052
:10AA5000F87A90B1387B84F84000387B68B1787B15
:10AA600084F84100787B40B1B87B84F84200B87B21
:10AA700000281CBFF87B84F84300002084F84300C2
:10AA800003E000BF002084F834000027201D062DBD
:10AA900028BF0625E562C4E9115700F0D7F904F193
:10AAA000180000F0D3F985F00700A0613046514648
:10AAB000424624616462E76484F8507084F85270FE
:10AAC00000F042F9B9F1000F206018BFC9F800404A
:10AAD000BDE8F08708480068006880F308884FF0F8
:10AAE000000080F3148862B661B6BFF34F8FBFF3E6
:10AAF0006F8F00DF00BF000008ED00E081B0002094
:10AB0000009040F24810C2F2000000684FF050017F
:10AB100081F31188BFF36F8FBFF34F8F013007D0E0
:10AB2000FEE700BF009830B9009820B9009810B92E
:10AB300000980028F6D001B07047000070B50446B8
:10AB400000F0E0FB40F2342CC2F2000CDCF8040010
:10AB500050B19CF80000002818BF4FF000404FF0A3
:10AB600000057CBB8DE000BF42F2D430C2F2000091
:10AB7000C21D22F0070210F00701A0EB020318BF6C
:10AB8000104600224FF47055CCE90602002918BF88
:10AB900003F570554119083921F00701CCF804106C
:10ABA000C1E90022DCF80420091AC0E900210120D3
:10ABB0008CF800004FF00040CCE90211002C4FF05F
:10ABC00000055ED020405CD104F1100020F00702A7
:10ABD000600708BF04F10802002A4FF0000550D0BA
:10ABE000DCF8080082424CD8604650F818EFDEF8D6
:10ABF000045095422BD2DEF80010B9B174464D686E
:10AC0000954217D20B68ABB15D68954216D21868B1
:10AC1000A0B14568954215D204689CB1656895421B
:10AC200014D22168A6460029E9D110E00CF11800E1
:10AC30000DE000BF8E46204609E000BF9E46084654
:10AC400005E000BF8646184601E000BFA646DCF8D6
:10AC500004108E4514D00168DEF80040AB1A112BA9
:10AC600004604DD30EEB0205680719D04FF0500079
:10AC700080F31188BFF36F8FBFF34F8FFEE700BFE4
:10AC8000002501F06FFA68075BD04FF0500080F3A9
:10AC90001188BFF36F8FBFF34F8F00BFFEE700BF78
:10ACA0000CF118006B60CEF8042000BF0368AB42C3
:10ACB0000AD21868A8420BD20368AB4204D21868C3
:10ACC0001A46A842F2D304E00246184601E000BF4B
:10ACD0001A4653686C68D618AE4202D11C44154619
:10ACE00054602B19834207D1DCF80430984203D01A
:10ACF000D0E9000323446B60AA42286018BF1560A6
:10AD000001F10805DEF80400DCE90212091A91429B
:10AD1000CCF8081038BFCCF80C109CF800100029B3
:10AD200018BF40F00040CEF80400DCF8100000210D
:10AD30000130CEF80010CCF8100001F013FA6807CB
:10AD4000A3D1284670BD000003464AF6FD20C0F698
:10AD500000004FF0807C21F0010103E903106FF047
:10AD6000020043F8240CA3F1440043F8202C704760
:10AD700070B50D46044600F0B7F840F2BC16C2F2BA
:10AD800000063068C06C98B93068012180F8501016
:10AD900075B128460121FFF701FD4EF60450CEF2B1
:10ADA00000004FF080510160BFF34F8FBFF36F8FF2
:10ADB00000F0BEF800F098F83068C56C2DB131682D
:10ADC0000020002C08BF681EC8643068002180F88D
:10ADD000501000F0ADF8284670BD000045F6D47064
:10ADE000C2F200000021A0F8001880F80218FAF75B
:10ADF00069BA0000D0E9013201699A60D1F804C053
:10AE000082688445536008BF4A6000220261086876
:10AE1000013808600868704747F2DC13C2F200038B
:10AE2000036046F6DC70C2F200000860802010600B
:10AE3000704700004FF0FF31024642F8081F002122
:10AE40004260C0E9032201607047000000210161F7
:10AE50007047000010B5D1F800E01EF1010213D0D8
:10AE600000F1080462681368734511D853681C68C0
:10AE7000744511D85A68146874450FD8546823680B
:10AE8000A4467345EED90BE00269D2F804C007E08E
:10AE90009446224604E000BF9C4601E094461A46D0
:10AEA000C1F804C0CCF808108A60516008610168DC
:10AEB0000131016010BD0000D0F800C04368086196
:10AEC0009A684B608A609A68996051600CF1010140
:10AED00001607047DFF80C00016841F47001016007
:10AEE0007047000088ED00E04FF0500080F31188BB
:10AEF000BFF36F8FBFF34F8F40F24810C2F20000D4
:10AF000001684A1C026009B1704700BF4EF6045048
:10AF1000CEF200000068000608BF70474FF05000F6
:10AF200080F31188BFF36F8FBFF34F8FFEE70000F0
:10AF300040F24810C2F20000016839B101390160E5
:10AF400018BF7047002080F3118870474FF0500001
:10AF500080F31188BFF36F8FBFF34F8FFEE70000C0
:10AF600070B5002808BF70BD40F23425C2F200055C
:10AF70000446287854F8041C002818BF4FF00040FD
:10AF800008420DD0A4F1080632689AB14FF0500083
:10AF900080F31188BFF36F8FBFF34F8FFEE700BFC1
:10AFA0004FF0500080F31188BFF36F8FBFF34F8FC6
:10AFB000FEE700BF21EA000044F8040C00F0A2F90B
:10AFC00054F8041CA8680844A86005F1180000BFE4
:10AFD0000368B3420AD21868B04225D20368B3426C
:10AFE00004D218681A46B042F2D301E0024618466D
:10AFF0005368D418B44202D11944164651607318EC
:10B00000834206D16B68984203D0D0E9000319440B
:10B010007160B242306018BF1660686901306861C3
:10B02000BDE8704001F09EB81A465368D418B44287
:10B03000E5D1E1E74EF21000CEF200000021016000
:10B04000816040F27001C2F20001096844F6D352F7
:10B05000C1F26202A1FB02124FF0FF3101EB92112B
:10B06000416007210160704740F25420EFF30581F1
:10B070001029C2F2000011D34EF2F032CEF20002DB
:10B08000895C0278914209D24FF0500080F3118818
:10B09000BFF36F8FBFF34F8FFEE700BF4EF60C512B
:10B0A000CEF200010968406801F4E061814298BF76
:10B0B00070474FF0500080F31188BFF36F8FBFF3DC
:10B0C0004F8F00BFFEE7000070B5002843D040F26C
:10B0D000BC15C2F200050446A86948B14FF0500003
:10B0E00080F31188BFF36F8FBFF34F8FFEE700BF70
:10B0F000A86900210130A861EE69286880F8521023
:10B1000028680430FFF776FE50B12868A41944601F
:10B1100013D3686A29680431FFF79CFE16E000BF6C
:10B1200028680121C06A6A6801FA00F022EA00007A
:10B1300068602868A4194460EBD2286A2968043141
:10B14000FFF788FEE86A844238BFEC6201F00AF833
:10B15000002818BF70BD4EF60450CEF200004FF02C
:10B1600080510160BFF34F8FBFF36F8F70BD000040
:10B170002DE9F04120B305460C46FFF775FFEFF3CC
:10B1800011874FF0500080F31188BFF36F8FBFF32A
:10B190004F8F022195F8500085F85010E96C012876
:10B1A00001F10101E96442D1A86A98B14FF0500061
:10B1B00080F31188BFF36F8FBFF34F8FFEE700BF9F
:10B1C0004FF0500080F31188BFF36F8FBFF34F8FA4
:10B1D000FEE700BF40F2BC16C2F20006B06928B11B
:10B1E00005F1180106F1640014E000BF05F1040840
:10B1F0004046FFF7FFFDE86A012172688140114374
:10B20000716042F2483100EB8000C2F2000101EBB4
:10B2100080004146FFF750FEE86A3168C96A8842FB
:10B2200005D9002C1CBF012020600120306387F36A
:10B230001188BDE8F0810000B0B588B00020CDE9EC
:10B24000050006A805A904AAFFF7E6FD0598B8B30E
:10B25000069C002C3ED05421049A0791079954294A
:10B2600042D107992063022084F8510007A80025E5
:10B27000CDE900504AF62110C0F600001FA10023BE
:10B280000294FFF791FB2046FFF7CCFA079940F2B2
:10B29000BC10C2F20000816279B14FF0500181F31D
:10B2A0001188BFF36F8FBFF34F8F4FF0FF31C16233
:10B2B00001214161C56100F065F808B0B0BD00BF73
:10B2C0004FF0500080F31188BFF36F8FBFF34F8FA3
:10B2D000FEE700BF4FF0500080F31188BFF36F8F7F
:10B2E000BFF34F8FFEE700BF4FF0500080F311888F
:10B2F000BFF36F8FBFF34F8FFEE700BF49444C454C
:10B300000000000040F2BC10C2F20000816901316F
:10B310008161704740F2BC10C2F2000081690029CF
:10B320001EBF012101637047002101634168B1FA2A
:10B3300081F1C9B2C1F11F0142F2483201EB810132
:10B34000C2F2000252F8213063B102EB810252F8DE
:10B35000041F4968131D994211600DD0C96801602E
:10B36000704700BF4FF0500080F31188BFF36F8F1C
:10B37000BFF34F8FFEE700BF49681160C9680160E5
:10B3800070470000B0B584B04EF2004CCEF2000C15
:10B390004CF27021C4F20F11DCF800294B1C9A42C8
:10B3A0000AD14FF0500080F31188BFF36F8FBFF3C5
:10B3B0004F8F00BFFEE700BFDCF800298A4209D1A9
:10B3C0004FF0500080F31188BFF36F8FBFF34F8FA2
:10B3D000FEE700BF9CF800100291FF218CF80010DE
:10B3E0009CF800108DF807109DF8071001F050022E
:10B3F00040F25421C2F200010A7007224A609DF90E
:10B400000720B2F1FF3F69DC032200BFD31C4B6071
:10B410009DF8070040008DF807009DF90700B0F186
:10B42000FF3F23DC931C4B609DF8070040008DF824
:10B4300007009DF90700B0F1FF3F17DC531C4B607C
:10B440009DF8070040008DF807009DF90700B0F156
:10B45000FF3F0BDC4A609DF80700043A40008DF87E
:10B4600007009DF907000028D0D4131D032B35D108
:10B470004FF44070486002988CF80000DCF8200916
:10B4800040F47000CCF82009DCF8200940F070404E
:10B49000CCF82009FFF7CEFD40F24814C2F20004B8
:10B4A00000252560FFF716FD4EF63470CEF2000041
:10B4B000016841F040410160FFF70CFBFFF72AFFF4
:10B4C000039520684FF0500181F31188BFF36F8F0F
:10B4D000BFF34F8F013011D0FEE700BF4FF0500097
:10B4E00080F31188BFF36F8FBFF34F8FFEE700BF6C
:10B4F000039830B9039820B9039810B9039800282D
:10B50000F6D0002004B0B0BD2DE9F04383B007466B
:10B510009000984615468946FFF710FBF8B106469D
:10B520005420FFF70BFBB8B10446DDE90A100022F6
:10B53000266384F85120CDE90010384649462A4652
:10B5400043460294FFF730FA2046FFF76BF90120DB
:10B5500003B0BDE8F08300BF3046FFF701FD4FF0B8
:10B56000FF3003B0BDE8F08370B586B00B9CCCB162
:10B570000C9E0EB354250495049D542D26D1049D94
:10B58000DDF828C0022586F8515005AD3463CDE9B9
:10B5900000C50296FFF708FA3046FFF743F9059811
:10B5A00006B070BD4FF0500080F31188BFF36F8F6D
:10B5B000BFF34F8FFEE700BF4FF0500080F31188BC
:10B5C000BFF36F8FBFF34F8FFEE700BF4FF0500008
:10B5D00080F31188BFF36F8FBFF34F8FFEE700003A
:10B5E0002DE9F04F81B08046F4F7D6FE102809D33C
:10B5F0004FF0500080F31188BFF36F8FBFF34F8F70
:10B60000FEE700BF40F2BC1CC2F2000CDCF81800E0
:10B6100042F2483E0130CCF818004FF00709C2F260
:10B62000000E03E0B9F1000F00F00881A9F1010953
:10B6300009EB89005EF820100029F3D00EEB80049E
:10B64000234653F8040F04F10C0A4268181D824285
:10B6500008BF5268D2F80CB0526882421A6002D118
:10B66000DAF800201A60D56898F8004095F8341090
:10B67000A14240F0D38000292C462E4618BF00245A
:10B6800000F0CD8095F8351098F80160B14240F097
:10B69000CB80002927462E4608BF2F4600F0BF80EA
:10B6A00095F8361098F80260B142264640F0B7800F
:10B6B00000293C462E4608BF2C4600F0B08095F885
:10B6C000371098F80360B1423E4640F0A880002948
:10B6D00027462E4608BF2F4600F0A18095F8381067
:10B6E00098F80460B142264640F0998000293C4613
:10B6F0002E4608BF2C4600F0928095F8391098F835
:10B700000560B1423E4640F08A80002927462E4619
:10B7100008BF2F4600F0838095F83A1098F806602D
:10B72000B14226467BD100293C462E4608BF2C4616
:10B7300075D095F83B1098F80760B1423E466ED13F
:10B74000002927462E4608BF2F4668D095F83C10A2
:10B7500098F80860B142264661D100293C462E4641
:10B7600008BF2C465BD095F83D1098F80960B142AF
:10B770003E4654D1002927462E4608BF2F464ED0BC
:10B7800095F83E1098F80A60B142264647D1002944
:10B790003C462E4608BF2C4641D095F83F1098F8FD
:10B7A0000B60B1423E463AD1002927462E4608BFDB
:10B7B0002F4634D095F8401098F80C60B1422646D8
:10B7C0002DD100293C462E4608BF2C4627D095F89F
:10B7D000411098F80D60B1423E4620D1002927461D
:10B7E0002E4608BF2F461AD095F8421098F80E60E2
:10B7F000B142264613D100293C462E4608BF2C46AE
:10B800000DD095F8431098F80F60B1423E4606D12E
:10B81000002908BF2C46264616B108E0002636B996
:10B820005D457FF419AFFDE60026002EF8D000F04C
:10B8300099FC304601B0BDE8F08F00BFDCF8201065
:10B840000868002800F0F8804868426801F10800A4
:10B85000824208BF5268D2F80CE000BF52688242B0
:10B860004A6001D1CA684A60D46898F8005094F8D8
:10B870003430AB4240F0D480002B2746264618BF18
:10B88000002700F0CE8094F8353098F80150AB4294
:10B8900040F0CE80002B3D46264608BF254600F0EE
:10B8A000C08094F8363098F80260B3423E4640F0CB
:10B8B000B880002B2F46264608BF274600F0B180EF
:10B8C00094F8373098F80360B3422E4640F0A980D0
:10B8D000002B3D46264608BF254600F0A28094F87E
:10B8E000383098F80460B3423E4640F09A80002B0E
:10B8F0002F46264608BF274600F0938094F839303B
:10B9000098F80560B3422E4640F08B80002B3D46F0
:10B91000264608BF254600F0848094F83A3098F80F
:10B920000660B3423E467CD1002B2F46264608BF18
:10B93000274676D094F83B3098F80760B3422E46FD
:10B940006FD1002B3D46264608BF254669D094F8A6
:10B950003C3098F80860B3423E4662D1002B2F4637
:10B96000264608BF27465CD094F83D3098F8096019
:10B97000B3422E4655D1002B3D46264608BF2546EC
:10B980004FD094F83E3098F80A60B3423E4648D112
:10B99000002B2F46264608BF274642D094F83F305A
:10B9A00098F80B60B3422E463BD1002B3D4626460D
:10B9B00008BF254635D094F8403098F80C60B34263
:10B9C0003E462ED1002B2F46264608BF274628D0BC
:10B9D00094F8413098F80D60B3422E4621D1002BE7
:10B9E0003D46264608BF25461BD094F8423098F8BD
:10B9F0000E60B3423E4614D1002B2F46264608BFA8
:10BA000027460ED094F8433098F80F60B3422E4684
:10BA100007D1002B08BF27463E462EB107E700BFDF
:10BA20000026002E7FF403AF74457FF417AF03E0C8
:10BA30000026002EF8D0FAE6DCF82410086800286A
:10BA400000F0F8804868426801F10800824208BFAF
:10BA50005268D2F80CE000BF526882424A6001D1BD
:10BA6000CA684A60D46898F8005094F83430AB4201
:10BA700040F0D480002B2746264618BF002700F050
:10BA8000CE8094F8353098F80150AB4240F0CE802B
:10BA9000002B3D46264608BF254600F0C08094F89E
:10BAA000363098F80260B3423E4640F0B880002B32
:10BAB0002F46264608BF274600F0B18094F837305D
:10BAC00098F80360B3422E4640F0A980002B3D4613
:10BAD000264608BF254600F0A28094F8383098F832
:10BAE0000460B3423E4640F09A80002B2F46264623
:10BAF00008BF274600F0938094F8393098F8056025
:10BB0000B3422E4640F08B80002B3D46264608BFB0
:10BB1000254600F0848094F83A3098F80660B342E5
:10BB20003E467CD1002B2F46264608BF274676D0BE
:10BB300094F83B3098F80760B3422E466FD1002B43
:10BB40003D46264608BF254669D094F83C3098F813
:10BB50000860B3423E4662D1002B2F46264608BFFE
:10BB600027465CD094F83D3098F80960B3422E46E1
:10BB700055D1002B3D46264608BF25464FD094F8A8
:10BB80003E3098F80A60B3423E4648D1002B2F461B
:10BB9000264608BF274642D094F83F3098F80B60FD
:10BBA000B3422E463BD1002B3D46264608BF2546D4
:10BBB00035D094F8403098F80C60B3423E462ED110
:10BBC000002B2F46264608BF274628D094F8413040
:10BBD00098F80D60B3422E4621D1002B3D462646F3
:10BBE00008BF25461BD094F8423098F80E60B34247
:10BBF0003E4614D1002B2F46264608BF27460ED0BE
:10BC000094F8433098F80F60B3422E4607D1002BCA
:10BC100008BF27463E462EB109E600BF0026002E8B
:10BC20007FF405AE74457FF417AF03E00026002EC5
:10BC3000F8D0FCE5DCF85000002800F0F980DCF8D2
:10BC400054100CF158024968DCF85C00914208BFBE
:10BC50000146D1F80CE04968914208BF0146CCF892
:10BC60005410CC6898F8005094F83430AB4240F04F
:10BC7000D380002B2746264618BF002700F0CD8032
:10BC800094F8353098F80150AB4240F0CD80002B4D
:10BC90003D46264608BF254600F0BF8094F8363062
:10BCA00098F80260B3423E4640F0B780002B2F4622
:10BCB000264608BF274600F0B08094F8373098F841
:10BCC0000360B3422E4640F0A880002B3D46264636
:10BCD00008BF254600F0A18094F8383098F8046039
:10BCE000B3423E4640F09980002B2F46264608BFBF
:10BCF000274600F0928094F8393098F80560B342F6
:10BD00002E4640F08A80002B3D46264608BF254639
:10BD100000F0838094F83A3098F80660B3423E46CB
:10BD20007BD1002B2F46264608BF274675D094F8B6
:10BD30003B3098F80760B3422E466ED1002B3D464B
:10BD4000264608BF254668D094F83C3098F808602D
:10BD5000B3423E4661D1002B2F46264608BF2746F8
:10BD60005BD094F83D3098F80960B3422E4654D128
:10BD7000002B3D46264608BF25464ED094F83E305F
:10BD800098F80A60B3423E4647D1002B2F4626461C
:10BD900008BF274641D094F83F3098F80B60B34273
:10BDA0002E463AD1002B3D46264608BF254634D0C4
:10BDB00094F8403098F80C60B3423E462DD1002BE9
:10BDC0002F46264608BF274627D094F8413098F8DA
:10BDD0000D60B3422E4620D1002B3D46264608BFBB
:10BDE00025461AD094F8423098F80E60B3423E4689
:10BDF00013D1002B2F46264608BF27460DD094F8B6
:10BE0000433098F80F60B3422E4606D1002B08BF8E
:10BE100027463E4626B10AE50026002E7FF407ADF0
:10BE200074457FF418AF03E00026002EF8D0FEE43E
:10BE3000DCF83C00002600283FF4F9ACDCF84010A8
:10BE40000CF144024968DCF84800914208BF014601
:10BE5000D1F80CE04968914208BF0146CCF8401087
:10BE6000CF6898F8004097F83430A34240F0D6806D
:10BE7000002B4FF000053E4608BF3D4600F0CF8046
:10BE800097F8353098F80140A34240F0D180002B5C
:10BE90002C463E4608BF3C4600F0C18097F836303D
:10BEA00098F80260B3422E4640F0B980002B254638
:10BEB0003E4608BF3D4600F0B28097F8373098F80C
:10BEC0000360B342264640F0AA80002B2C463E4633
:10BED00008BF3C4600F0A38097F8383098F804601B
:10BEE000B3422E4640F09B80002B25463E4608BFBD
:10BEF0003D4600F0948097F8393098F80560B342D9
:10BF0000264640F08C80002B2C463E4608BF3C461F
:10BF100000F0858097F83A3098F80660B3422E46D4
:10BF20007DD1002B25463E4608BF3D4677D097F889
:10BF30003B3098F80760B342264670D1002B2C4660
:10BF40003E4608BF3C466AD097F83C3098F80860F7
:10BF5000B3422E4663D1002B25463E4608BF3D46E0
:10BF60005DD097F83D3098F80960B342264656D127
:10BF7000002B2C463E4608BF3C4650D097F83E303A
:10BF800098F80A60B3422E4649D1002B25463E461A
:10BF900008BF3D4643D097F83F3098F80B60B34256
:10BFA00026463CD1002B2C463E4608BF3C4636D0A8
:10BFB00097F8403098F80C60B3422E462FD1002BF2
:10BFC00025463E4608BF3D4629D097F8413098F8AF
:10BFD0000D60B342264622D1002B2C463E4608BFB8
:10BFE0003C461CD097F8423098F80E60B3422E467B
:10BFF00015D1002B25463E4608BF3D460FD097F889
:10C00000433098F80F60B342264608D1002B08BF92
:10C010003D462E4636B1FFF70ABC00BF0026002E73
:10C020007FF405AC77457FF415AFFFF700BC00BF88
:10C030000026002EF6D0FFF7FABB000040F2BC103D
:10C04000C2F20000416900290FBF01208069B0FAE7
:10C0500080F0400918BF4000704700002DE9F0470C
:10C0600040F2BC16C2F20006B06928B1706B013014
:10C0700070630020BDE8F087F06910F1010AC6F88E
:10C080001CA020D3306A006850B14FF0500080F3FC
:10C090001188BFF36F8FBFF34F8F00BFFEE700BF64
:10C0A000306A716A31627062B06B0130B063306ABD
:10C0B000006828B1306AC068C068406802E000BF0C
:10C0C0004FF0FF30F062F06A42F248388245C2F227
:10C0D000000801D2002434E0306A0024006868B30C
:10C0E0004FF0010916E000BFF86A716809FA00F222
:10C0F000114300EB8000716008EB80002946FEF7D9
:10C10000DBFEF86A3168C96A326A8842106828BF63
:10C110004C4698B1306AC068C7683D4655F8040F70
:10C1200082450DD32846FEF765FEB86A0028DBD0AD
:10C1300007F11800FEF75EFED6E700BF4FF0FF30B4
:10C14000F0623068C06A00EB800058F820000128D7
:10C1500088BF0124306B002818BF01242046BDE8A9
:10C16000F08700002DE9F04140F2BC15C2F2000555
:10C17000A86968B1FEF7B8FEA8690138A861A86986
:10C1800080B10024FEF7D4FE2046BDE8F08100BF58
:10C190004FF0500080F31188BFF36F8FBFF34F8FC4
:10C1A000FEE700BF28690028EBD0686E78B342F242
:10C1B00048380126C2F20008286FC76807F1180046
:10C1C000FEF718FE3C1D2046FEF714FEF86A69686B
:10C1D00006FA00F2114300EB8000696008EB800072
:10C1E0002146FEF769FEF86A2968C96A884228BFB5
:10C1F0002E63686E0028DFD1286A006820B1286AA3
:10C20000C068C068406801E04FF0FF30E8626C6BC6
:10C210004CB10126FFF722FF002818BF2E63013C16
:10C22000F8D100206863286B0028AAD04EF604508D
:10C23000CEF200004FF080510160BFF34F8F012418
:10C24000BFF36F8FFEF774FE2046BDE8F08103B4A4
:10C2500001984100009850EAC12018BF04204A0DFF
:10C2600018BF40F0010040F2FF72B2EB515F08BF0F
:10C2700040F00200012808BF052002B070474100CD
:10C28000080218BF04200A0E18BF40F001004FF04A
:10C290007F4232EA010108BF40F00200012808BFD6
:10C2A0000520704710B54FF00E402DED028BB0EE1B
:10C2B000408A18EE104A00EB4400B0F1506F4AD8A3
:10C2C0004FF0FC40B0EB440F22D2B0EEC80AF7EEBC
:10C2D000000A30EEC00AF6EE000A60EE208A18EE80
:10C2E000900A00F0EBFE01EE100A14F0004F1DBFA3
:10C2F000DFED2D0A9FED2D0AB1EE411ADFED2C0A7C
:10C3000008BF9FED2C0AF8EE001A21EE218A05E005
:10C31000DFED290A68EE088AB0EE600A9FED271A61
:10C32000DFED271A30EE080A48EE811A9FED251A34
:10C3300008EEA11ADFED241A48EE811A9FED231AA8
:10C3400008EEA11A68EE281ABDEC028B01EE810AF4
:10C3500030EE200A10BD4FF0E440B0EB440F0CD992
:10C3600018EE100AFFF78BFF042808BF00F092FEBA
:10C37000B0EE480ABDEC028B10BD4FF07F40B0EB31
:10C38000440F07D2B0EE480ABDEC028BBDE8104066
:10C3900000F072BE0120F4F755F8BDEC028BBDE849
:10C3A000104000F06FBE00000000C9BF22AAFDB916
:10C3B0000000C93F22AAFD390000000024FE1C3DF8
:10C3C000C78AD83C1E67383D1B93993DAFAA2A3EC9
:10C3D00070B54FF068422DED048BF0EE408A18EEF8
:10C3E000900AB0EE608A18EE101A02EB4003B3F127
:10C3F000654F3CBF02EB4102B2F1654F7DD200BFF9
:10C40000C0F3C753C1F3C7529A1A1B2A09DD10F0B3
:10C41000004F14BF9FED830A9FED830ABDEC048B90
:10C4200070BD12F11A0F36DA11F0004F09D010F07A
:10C43000004F0CBF9FED7D0A9FED7D0ABDEC048B84
:10C4400070BD88EE889A19EE100AFFF718FF0428CD
:10C4500008BF00F01FFE18EE900AFFF710FF054618
:10C4600018EE100AFFF70BFF044619EE100AFFF74B
:10C4700006FF042D18BF052D08D1042C18BF052C6C
:10C4800004D1002804BF0220F3F7DCFFB0EE490A14
:10C49000BDEC048B70BD4200B2EB410F3AD910F0F5
:10C4A000004F19BFDFED630A9FED630ADFED630AFA
:10C4B0009FED630AB0EE481A0A46B1EE688A80F032
:10C4C0000041F0EE418A10460A1A5200B2F1807F14
:10C4D00034D2484010F0004FDFED5A1A9FED5A2A2F
:10C4E0001DBFBEEE001A70EEE10A30EE420AB6EE53
:10C4F000001A08BF70EEA10A00E040E008BF30EE6D
:10C50000020AB0EE682A01EE482A08EE818AC2EEDD
:10C51000081A15E011F0004F04BF9FED4C0AF0EE31
:10C52000400AD1D010F0004F19BFDFED490A9FED4E
:10C53000490ADFED490A9FED490AC5E7C8EE881AA6
:10C5400021EEA11A9FED462ADFED462A41EE022A8E
:10C550009FED452A01EE222ADFED442A41EE022A10
:10C560009FED432ABDEC048B01EE222A21EE811AB5
:10C5700001EE020A30EE210A30EE200A70BD4FF0C3
:10C580007F42B2EB400F28BFB2EB410F09D2F0EE71
:10C59000480AB0EE680ABDEC048BBDE8704000F0BC
:10C5A0006EBD40EA01035B0008BF41F0FF410BD0C4
:10C5B000B2EB400F08BFB2EB410F08D120F0804032
:10C5C00008EE900A21F0804108EE101A18E7B2EB4D
:10C5D000400F12BF5FEA410340F0FF4001F000410D
:10C5E0003FF40EAFB2EB410F12BF5FEA400200F022
:10C5F000004041F0FF413FF403AF4A0092EA40039C
:10C600003FF5FEAE002AACBF9FED1A0A9FED1A0A55
:10C6100068EE808A28EE008A18EE900A18EE101A4A
:10C62000EEE60000DB0FC9BFDB0FC93FDB0F49405F
:10C63000DB0F49C00000C9BF22AAFDB90000C93FF5
:10C6400022AAFD390060ED3EC30ACE37000000008B
:10C65000000049C022AA7DBA0000494022AA7D3AC2
:10C660002DAD65BD8FB8D53D0FB511BE61C84C3E2F
:10C67000A8AAAABE0000804F0000802F0000000082
:10C6800010B52F499FED2C1B2DED020B84B00598A2
:10C6900020F000408842D8BF9DED040B2DDD2949D4
:10C6A000884209D1049840B94FF00100F3F7CAFE5F
:10C6B00000F0C2FC06B010BD05DB9DED040B00F0E0
:10C6C000AFFC06B010BD68469DED040B00F0C0F84D
:10C6D00010F0030004BF9DED021B9DED000B0CD07C
:10C6E00001280ED09DED021B9DED000B022817D0F6
:10C6F000012000F0FDFB06B010BD00F0C5FA06B049
:10C7000010BD9DED021B9DED000B012000F0F0FB24
:10C7100051EC100B00F0F1FC06B041EC100B10BD19
:10C7200000F0B2FA51EC100B00F0E7FC06B041EC5F
:10C73000100B10BD00000000000000000000000011
:10C74000FB21E93F0000F07F10B52F499FED2C1B26
:10C750002DED020B84B0059820F000408842DCBF2C
:10C7600000209DED040B32DD2849884209D1049850
:10C7700040B94FF00100F3F765FE00F05DFC06B034
:10C7800010BD05DB9DED040B00F04AFC06B010BDAA
:10C7900068469DED040B00F05BF810F0030011D02B
:10C7A000012818D09DED021B9DED000B02281AD028
:10C7B00000F06AFA51EC100B00F09FFC06B041EC5F
:10C7C000100B10BD9DED021B9DED000B012000F034
:10C7D0008FFB06B010BD9DED021B9DED000B00F020
:10C7E00053FA06B010BD012000F082FB51EC100B93
:10C7F00000F083FC06B041EC100B10BD00000000FF
:10C800000000000000000000FB21E93F0000F07F75
:10C8100010B52DED028BB1EEC08A18EE100A20F093
:10C820000040C0F1FF40C00F0AD010EE100A20F007
:10C830000040C0F1FF40C00F04BF0120F3F702FE2B
:10C84000B0EE480ABDEC028B10BD000000000000F5
:10C850002DE9F14F04462DED020B2DED088B8AB02A
:10C860009FEDE70B80ED020B139EE74826F0004595
:10C8700085420ADC9DED120B002084ED000B0AB00E
:10C88000BDEC088B03B0BDE8F08FE0489FEDE0AB56
:10C890009FEDE1BBA84247DDE14F9FEDE39B9FED9C
:10C8A000E48B9DED120B53EC1A2B51EC100B002E68
:10C8B0001CDD00F0C7FF41EC100BBD4208D053EC6B
:10C8C0001B2B51EC100B00F0BDFFC4E900010BE085
:10C8D00053EC192B51EC100B00F0B4FF53EC182B58
:10C8E00000F0B0FFC4E900010120C8E700F044FCFB
:10C8F00041EC100BBD4208D053EC1B2B51EC100B3C
:10C9000000F03AFCC4E900010BE053EC192B51ECA8
:10C91000100B00F031FC53EC182B00F02DFCC4E997
:10C9200000014FF0FF30AAE7C348A84279DB9DED34
:10C93000120B51EC100B00F0B5FB41EC180B9FED06
:10C94000C00B53EC102B00F073FE9FEDBF1B53EC9C
:10C95000112B00F011FC00F011FE074600F03DFE27
:10C9600041EC190B53EC1A2B00F062FE53EC182B20
:10C9700000F05CFF41EC180B53EC1B2B51EC190B36
:10C9800000F056FEDFF8C8A241EC100B4FEA155834
:10C990000125FA4453EC102B51EC180B00F052FF18
:10C9A000032DC4E900013DD0C1F30A5005EB451148
:10C9B000A8EB00001139814234DA0AEB051BB0EE16
:10C9C00048AA9BED000BF0EE68AA53EC102B51EC3B
:10C9D000190B00F02DFE41EC1B0B51EC1A0B53EC24
:10C9E0001B2B00F02FFF41EC180B51EC1A0B53ECF2
:10C9F000182B00F027FF53EC1B2B00F023FF9BEDBF
:10CA0000020B41EC1A0B53EC102B51EC190B00F0FC
:10CA10000FFE53EC1A2B00F015FF41EC100B6D1CB0
:10CA2000B8E70EE0002EA8BF3846BFF628AF94ED59
:10CA3000000B51EC100B00F060FBC4E900017842E0
:10CA40001DE7C6F3130040F4801EC6F30A50A0F29F
:10CA5000F530471100F01F05C5F12000DDF848B0A2
:10CA600008900020069007900520EC467949002D9B
:10CA700007EB0002794408BF51F8221009D051F8A1
:10CA8000223001EB8201AB404A68089922FA01F199
:10CA90001943A1FB0E26A1FB0B131A449A4234BF83
:10CAA0000123002303EB06080CEB8003D3E901A666
:10CAB0000E448E4234BF0121002192448A4411B1B8
:10CAC000924502D903E0924501D2012100E0002104
:10CAD000C3E901A641444CF82010011EA0F1010059
:10CAE000C4DC029800F10050850F0298DDE903676D
:10CAF0008000DDF8148000F070FD41EC1A0B304628
:10CB000000F082FD9FED541B53EC112B00F090FDC3
:10CB100041EC1B0B384600F077FD9FED511B53ECA9
:10CB2000112B00F085FD41EC180B404600F06CFD28
:10CB30009FED4D1B53EC112B00F07AFD41EC190BCE
:10CB400051EC180B53EC192B00F016FB53EC1B2B7C
:10CB500000F012FB53EC1A2B00F00EFBCDE908019C
:10CB6000002008909DED080B53EC1A2B51EC100B94
:10CB700000F068FE53EC1B2B00F064FE53EC182B06
:10CB800000F060FE53EC192B00F050FE9FED381BB7
:10CB900053EC112B00F04CFD9FED370B41EC180BC3
:10CBA00053EC102B9DED080B51EC100B00F040FDE9
:10CBB00053EC182B00F0E0FA9FED310B41EC180B11
:10CBC00053EC102B9DED080B51EC100B00F030FDD9
:10CBD00053EC182B00F0D0FA41EC100B139810F026
:10CBE000004F06D06D4251EC100B00F086FA41EC7C
:10CBF000100B284684ED000B41E600000000000009
:10CC00000000000000000000FB21E93F7CD9024049
:10CC100000004054FB21F93F3163621A61B4D03DFA
:10CC2000FB21F93F000000000000601A61B4D03D14
:10CC30007370032E8A19A33BFB21394100000000C9
:10CC400083C8C96D305FE43F000000000000E03F92
:10CC5000C211000010110000000000000000103E92
:10CC6000000000000000103C000000000000103A2E
:10CC7000182D4454FB21F93D3326A611460B113CD7
:10CC800000000054FB21F93D10B52DED040B2DEDF6
:10CC9000088B82B0B0EE419AF0EE619A0B9820F0CA
:10CCA00000449FED4BABB4F1795F11DA9DED0A0BB7
:10CCB00051EC100B00F062FC002801BFB0EE4A0AF4
:10CCC000F0EE6A0A02B0BDEC088B04BF04B010BDE0
:10CCD0009DED0A0B53EC102B51EC100B00F0A8FC4F
:10CCE00041EC180B3C480621B0EE480AF0EE680A09
:10CCF000784400F081F853EC182B51EC100B00F045
:10CD000097FC9DED0A0B41EC1B0B53EC192B51ECDE
:10CD1000100B00F08DFC41EC190B53EC1B2B51EC6C
:10CD2000180B00F085FC53EC192B00F08BFD9FEDE8
:10CD30002C0B41EC190B53EC102B51EC180B00F0A1
:10CD400077FC41EC100B2848844210DA53EC192B85
:10CD500051EC100B00F076FD53EC1A2B00F066FD41
:10CD600041EC100B02B0BDEC088B04B010BD1F48A5
:10CD7000A042BCBF9FED1E1B8DED001B06DBA4F582
:10CD800000100190002000909DED001B51EC100B55
:10CD900053EC112B00F056FD9DED000B41EC180BF0
:10CDA00053EC102B51EC1A0B00F04CFD41EC1A0B1C
:10CDB00053EC192B51EC180B00F044FD53EC1A2BDB
:10CDC00000F034FD41EC100BCCE700000000000047
:10CDD000000000000000F03F340E000000000000E2
:10CDE000000000000000E03F3333D33F0000E93F84
:10CDF000000000000000D23F70B504462DED028B0C
:10CE00004D1E00EBC500B0EE408AF0EE608A90ED5A
:10CE1000000B35F0060017D053EC182B51EC100B1B
:10CE200000F006FC41EC100B6D1E04EBC50090ED0C
:10CE3000001B51EC100B53EC112B00F09DF941EC51
:10CE4000100B35F00600E7D1022D36D0042D1CD092
:10CE5000062D1CBFBDEC028B70BD53EC182B51ECA2
:10CE6000100B00F0E5FB94ED0A1B53EC112B00F0C6
:10CE700083F953EC182B00F0DBFB94ED081B53EC0B
:10CE8000112B00F079F941EC100B53EC182B51ECFD
:10CE9000100B00F0CDFB94ED061B53EC112B00F0B2
:10CEA0006BF953EC182B00F0C3FB94ED040B53EC1F
:10CEB000102B00F061F941EC100B53EC182B51ECE6
:10CEC000100B00F0B5FB94ED021B53EC112B00F09E
:10CED00053F953EC182B00F0ABFB94ED001B53EC13
:10CEE000112B00F049F9BDEC028B41EC100B70BD29
:10CEF00031B504462DED040B2DED0A8BB0EE41BA91
:10CF0000F0EE61BA0B989DED0A0B20F00040B0F1F5
:10CF1000795F0DDA51EC100BFFF799F9042808BF7F
:10CF200000F09AF89DED0A0BBDEC0A8B05B030BD00
:10CF300053EC102B51EC100B00F07AFB41EC180B6A
:10CF40009DED0A0B53EC182B51EC100B00F070FB0D
:10CF500041EC190B2C48B0EE480AF0EE680A0521A6
:10CF60007844FFF749FF9FED2ACBB0EE40AAF0EEE0
:10CF700060AA9CB353EC1C2B51EC190B00F058FB2E
:10CF800041EC1C0B53EC1A2B51EC190B00F050FB2D
:10CF90009FED210B41EC190B53EC102B51EC1B0BAB
:10CFA00000F046FB53EC192B00F04CFC53EC182B13
:10CFB00000F03EFB53EC1B2B00F044FC53EC1C2B0D
:10CFC00000F040FC9DED0A1B53EC112B00F02EFCF1
:10CFD000BDEC0A8B05B041EC100B30BDFFE753EC04
:10CFE0001A2B51EC180B00F023FB53EC1C2B00F018
:10CFF000C3F853EC192B00F01BFB9DED0A1B53ECFF
:10D00000112B00F0B9F8E3E7C40C000000000000A9
:10D01000495555555555C5BF000000000000E03F7B
:10D0200010B553EC102B51EC100B00F0A5F841ECAF
:10D03000100B10BD000000009FED050B10B553EC68
:10D04000102B51EC100B00F03FF941EC100B10BD10
:10D0500000000000000000009FED050B10B553EC30
:10D06000102B51EC100B00F0E3FA41EC100B10BD4B
:10D07000000000000000001030EE000A704730EEA3
:10D08000200A7047DFED020A80EEA00A7047000018
:10D09000000000009FED020A20EE000A7047000029
:10D0A0000000001082B0CDE9000121F000400190A5
:10D0B0009DED000B02B051EC100B704710B500EE67
:10D0C000100A2DED028BB1EEC08A18EE100A20F086
:10D0D0000040C0F1FF40C00F0AD010EE100A20F04F
:10D0E0000040C0F1FF40C00F04BF0120F3F7AAF9D0
:10D0F00018EE100ABDEC028B10BD81F000417047A4
:10D1000080F00040704721F00041704720F000405F
:10D110007047000021F0004201F00043A2F160528C
:10D12000B2F5801F28BFD2F17F6C0BD95FEA001CDB
:10D1300043EAC20242EB507018BF704728BF20F08C
:10D1400001007047B2F5801FBCBF184670474FEA18
:10D15000410C1CF5001F02D2084600F0DFBC70B580
:10D1600000F010FB00000089FFF7F6BF4FF0004011
:10D17000A0F580007047000010B591EA030F48BF8A
:10D1800083F0004300F16683841A71EB030C05D22F
:10D19000121943EB0C03001B61EB0C014FEA115415
:10D1A000A4EB135CDFF81CE11EEA430F18BF9EEAF4
:10D1B000445F00F0748021EA045123EA0E0343F433
:10D1C0008013DCF1200E32D322FA0CFE10EB0E009D
:10D1D00023FA0CFE41EB0E01CCF1200E03FA0EFEF9
:10D1E00010EB0E00CCF1200E51F10001B1F5801FC3
:10D1F00032D201EB045112FA0EF2BDE8104058BFD2
:10D200007047401C38BF5FEA420218BF70470028D1
:10D2100014BF20F0010041F100014FEA410313F572
:10D22000001F38BF7047A1F1C04100F0F9BA012AD0
:10D2300043EB0302ACF1200CDCF11F0E32BF4FF0C8
:10D24000000E23FA0CF310EB030041EB0451B4EB96
:10D25000115FD0D0A1EB045101F58011490801EB19
:10D2600004515FEA30000ED350F1000038BF12FACB
:10D270000EFE08D1BDE81040C9E7401C38BF5FEA88
:10D280004202CAD1C3E7BDE810404FEA410313F59B
:10D29000001F38BF7047A1F1C04100F0C1BA9EEA3B
:10D2A000445F08D011EA5E0FBDE8104004BF01F0F2
:10D2B000004100207047BDE8104070B500F062FAF0
:10D2C00064FBBE3E0000E0FF2DE9C04130B4DFF852
:10D2D000A4C23CEA111418BF3CEA131400F0ED801C
:10D2E0001CEA111481EA030544EAD57418BF1CEA4C
:10D2F000131500F0C880A4EB050404F17F7404F555
:10D3000000344FF0004545EAC12145EAC32341EA14
:10D31000505143EA52534FEAC0204FEAC222994289
:10D3200008BF904200F09D804FEA13650FF244164B
:10D33000765D4FEA134506FB05F7C7F1807706FBDC
:10D3400007F74FEAD737A7FB03687642A7FB06CE5D
:10D35000C8F5803838BFA8F1010807FB08E6A6FB2E
:10D36000028C4FF0000EE6FB03CEDCF1000CCEF198
:10D37000004E38BFAEF1010EA6FB0C584FF000076F
:10D38000E6FB0E87A1FB08C6A0FB07CE16EB0E0638
:10D390004FF0000545F10005E1FB076515F1E04E92
:10D3A0007EBFA4F580345FEA46066D4116F1800722
:10D3B00045F100054FEA172747EA05674FEA1525AB
:10D3C0004FEA0666A6F1DE46B6F1805F20D9384600
:10D3D00005EBC47124F0010C01EB0C11BCF1FE6FE4
:10D3E00002D8F0BCBDE8008124425CBF01F5801E7C
:10D3F0009EEAC47F02D4F0BCBDE80081244200F163
:10D400003980A1F1C041F0BCBDE8004100F008BA8C
:10D410004FEAD02040EA41504FEAD1214FEAD222D0
:10D4200042EA43524FEAD323A7FB028607FB036677
:10D4300005FB02661EEA0E0F58BFA6EB0056B6EBC0
:10D4400000564FEA520E4EEAC37E18EB0E0E56EB14
:10D45000530EBCD518EB02085E417F1C55F1000548
:10D46000B5E74FF480154FF000074FF000064FF07E
:10D470000008ACE701F1C04101F000414FF00000AD
:10D48000F0BCBDE800810CEA131511EA0C1F00D0B6
:10D490000CE013EA0C1F00F026804FF0000081EA38
:10D4A000030101F00041F0BCBDE80081F0BCBDE823
:10D4B000004181EA030100F0B3B9F0BCBDE80041CE
:10D4C00070B500F05FF900BF097EFC3E00F007B8C0
:10D4D0004FF0000081EA030101F00041704781EA4A
:10D4E000030100F09DB9F0BCBDE8004122494FF0B6
:10D4F00000007047FFFDFBF9F7F5F4F2F0EEEDEBFD
:10D50000E9E8E6E4E3E1E0DEDDDBDAD8D7D5D4D341
:10D51000D1D0CFCDCCCBCAC8C7C6C5C4C2C1C0BF8D
:10D52000BEBDBCBBBAB9B8B7B6B5B4B3B2B1B0AF93
:10D53000AEADACABAAA9A8A8A7A6A5A4A3A3A2A177
:10D54000A09F9F9E9D9C9C9B9A9999989797969532
:10D5500095949393929191908F8F8E8E8D8C8C8BCE
:10D560008B8A898988888787868585848483838256
:10D57000828181800000FF070000F87F4FEA4103AD
:10D580004FEA5353A3F58063D3F11E03C8BFD3F111
:10D59000210C0CDD4FF0004242EAC12242EA505217
:10D5A00032FA03FC8CEAE17CACEBE1707047102BA3
:10D5B000C4BF0020704703F5787CBCF1FF3F04D066
:10D5C0006FF0004282EA2100704770B500F0DAF88F
:10D5D0004992248000207047F2E710F0004248BFD3
:10D5E0004042B0FA80F310FA03F10AD0C3F11D03F0
:10D5F00003F5806302EB03524FEA415002EBD12165
:10D6000070474FF000007047B0FA80F310FA03F152
:10D610000AD0C3F11D0303F580634FEA03524FEABA
:10D62000415002EBD12170474FF0000070470000DD
:10D6300070B5DFF848C11CEA111E1EBF1CEA1315A5
:10D640009EEA0C0F95EA0C0F00F06F8081EA03044C
:10D650004EEAD47EAE4421EA4C1123EA4C1341F445
:10D66000801143F48013AEF17F7EA1FB024CA0FB3E
:10D670000365361955EB0C05A1FB034C4CF1000377
:10D68000A0FB021C16EB0C06654153F10003094296
:10D6900018BF46F0010613F4007F0BD14FEA0331A7
:10D6A0004FEA053041EA155140EA165034036FF055
:10D6B00003020AE04FEAC3214FEAC52041EA55516F
:10D6C00040EA5650F4026FF0020202EB2E4201EBE8
:10D6D000025585EACE710AD05FEA440C18BF24F0E7
:10D6E000004450F1000041F1000120EAD47040F202
:10D6F000FE7C624500D270BDA84214BF4FF080444A
:10D700004FF04044002E08BF0024BEF1806FA8BF38
:10D71000A1F1C041BDE8704080F2828001F1C041BA
:10D7200001F000414FF0000070470CEA13159EEA2B
:10D730000C0F18BF95EA0C0F06D081EA030E4FF0CC
:10D7400000000EF0004170BD00F01CF88900013EA1
:10D7500000F007B800F009B84FEA430C5FEA5C5CE0
:10D7600008D081EA030100F05BB84FEA410C5FEAA0
:10D770005C5CF6D102494FF0000070470000FF07E3
:10D780000000F87F0EF1020E2EF0030E5EF8046B1F
:10D79000364205D4012A43EB030515F5001F12D8C4
:10D7A000012841EB010C1CF5001F0CD80ED14FEAEB
:10D7B000D17C0CEB4C0C0CF1020C15F5001F08BFD2
:10D7C0004CEBD37C04E04FF0080C01E04FEAD37C33
:10D7D0000CEB4C0526FA05F606F00706B6F1040C2C
:10D7E00006D20EEB860CBDE870404CF0010C604791
:10D7F000DFE80CF0090B02024FF00041A1F5002117
:10D800004FF0000070BD19461046012851EB01048D
:10D8100018BFD4F5001484BF002001F0004170BD92
:10D820000808A0F500114FEA3101704710B591EAE0
:10D83000030F81F000413FF5A7AC83F0004300F0F7
:10D8400009B8000010B591EA030F48BF83F0004308
:10D850003FF59AAC841A71EB030C07D28CF0004CA4
:10D86000121943EB0C03001B61EB0C014FEA11543E
:10D87000A4EB135CDFF8A4E11EEA430F18BF9EEA95
:10D88000445F00F0B48021EA045123EA6E0352425F
:10D89000C3EB6E0338BF5B1EDCF1200E25D322FAEA
:10D8A0000CFE10EB0E0043FA0CFE41EB0E01CCF126
:10D8B000200E03FA0EFE10EB0E00CCF1200E51F1FB
:10D8C000000129D401EB045112FA0EF2BDE8104018
:10D8D00058BF7047401C1CBFB2F1004F7047002872
:10D8E0000CBF491C20F00100704712EB020E43EB05
:10D8F000030218BF4FF0010E4EEA4202ACF1200CB9
:10D90000DCF11E0E56D943FA0CFE10EB0E00CCF1E2
:10D910001E0E51F1FF31D5D50EF1010E12FA0EFE99
:10D92000404141EB010101EB445C5FEA5C5C10D9D2
:10D9300001EB045110EBDE7038BFBEF1004FBDE8C3
:10D94000104018BF704700280CBF491C20F0010090
:10D95000704734D24FEAD42C24F4006411F500113E
:10D960001BD0B1FA81F20B3AA41AA41ED2F1200303
:10D97000914030FA03F31943904001EBCC7101EB75
:10D980000451002CBDE81040A8BF704701F1C04110
:10D9900001F000414FF000007047B0FA80F310FA38
:10D9A00003F102D1BDE810407047E41A173C480566
:10D9B000C90AE2E701EB0451BDE810407047491085
:10D9C0004FEA300001EB0451BDE8104002E04FF097
:10D9D000000170474A0008BF0042F8D0B2F5001FAE
:10D9E00028BF704701F000414FF0000070479EEAE9
:10D9F000445F07D011EA5E0FBDE8104004BF00216C
:10DA000000207047BDE8104070B5FFF7BBFE00BFB7
:10DA100040DFF63E104683F0004170470000E0FF13
:10DA200043004FEAD30C4FEA3C0C43401FBF400772
:10DA30000CF1605113F0FE4F70471CF0006F03D1E2
:10DA40000CF00041002070470CF0004343EA507096
:10DA500040EACC0010B500F00EF800BF00000092C4
:10DA60004FEA0001FFF7DCBE4FF00041A1F50021B5
:10DA70004FF0000070470EF1020E2EF0030E5EF81C
:10DA8000044B244204D44FEA4102B2F17F4F11D833
:10DA90004FEA4003B3F17F4F0CD80ED14FEAD07C50
:10DAA0000CEB4C0C0CF1020CB2F17F4F08BF4CEBAD
:10DAB000D17C04E04FF0080C01E04FEAD17C0CEB84
:10DAC0004C0324FA03F404F00704B4F1040C06D266
:10DAD0000EEB840CBDE810404CF0010C6047DFE811
:10DAE0000CF0070802024FF00040A0F5800010BDC6
:10DAF0000846420018BFD2F1807288BF00F0004093
:10DB000010BDF1EE100A4FF6FF71C0F2C03120EAED
:10DB1000010040F04070E1EE100A7047FF2141EA39
:10DB2000D050C005704700004C5555555555A53F80
:10DB30007751C1166CC156BF9015CB19A001FA3EA2
:10DB4000AD529C804F7E92BEC4B1B4BD9EEE213ECC
:10DB5000D43888BEE9FAA8BD00004054FB21F93F43
:10DB60003163621A61B4D03D0000601A61B4D03DE7
:10DB70007370032E8A19A33B0000002E8A19A33B61
:10DB8000C14920259A837B39000000000000000075
:10DB90006E83F9A22915444ED15727FCC0DD34F518
:10DBA000999562DB4190433CAB6351FE61C5BBDE9E
:10DBB0003A6E24B7E0D24D42EA2E49061C92D109B2
:10DBC0001CEB1DFE3EA729B1F53582E88444BB2E2F
:10DBD00026709CE9417E5FB439D69139F43953837C
:10DBE0008B5F849C3B28F9BDFF97F81F0F9805DEDB
:10DBF0008B112FEF1F6D0A5ACF7E366DB709CB27D9
:10DC0000663F464F2DEA5F9EC7BA27757BF1E5EB6D
:10DC1000F739073DEA92528AB15FFB6B085D8D1FB1
:10DC20004630035600000000A6F810111111813F84
:10DC3000D561C119A0012ABF7DFEB157E31DC73EC2
:10DC4000EB9C2B8AE6E55ABE7CD5CF5A3AD9E53D06
:10DC5000E4DC000895A600080200000000000000B7
:10DC6000000400000000000000000000EBDC0008E1
:10DC7000E1A4000800000000000000000001000016
:10DC80000000000000000000F7DC0008A14B0008C5
:10DC9000030000000000000000040000000000007D
:10DCA000000000000000000000000000010203046A
:10DCB00006070809000000000102030440AC037DD0
:10DCC00004014103057C00026D0D026D090200068E
:10DCD00010160006101600000000C844CDCC4C3EC3
:10DCE000000000004D795F7573620067696D6261C5
:10DCF0006C5F7461736B006D795F696E735F7461E3
:10DD0000736B007D04017C000240AB0341000553AE
:10DD100008065804070F000810820911000A158030
:10DD20000B16000C18010D0048DD00080000002053
:10DD300050010000C401000838DE00085001002036
:10DD40002877000020020008320132101F01A2FFD4
:10DD5000FFFF820429015A920822FF3011E7416B2C
:10DD60003A58A08B3A6666E63FCDCC4C3D2D3F9AA3
:10DD700099990C223F6FA042AE47E13D0C212B60E8
:10DD8000401C132D721B0865041A75041A91041A9D
:10DD9000C1041A09041A3D04111324F413B16E14BA
:10DDA00008056D1C080D7010311A650C13516C1BA1
:10DDB00008C904C11A05281AB11C1A5D081AA1085D
:10DDC000140902431302011DC0320904B11A020BE7
:10DDD0001305241610010524011009010424020270
:10DDE00005240617010705820308151009040133ED
:10DDF000020A2E0705010240072A810711130A06AD
:10DE000032022A40F81A12231302021E401401148F
:10DE100005591B0203151305091B08010413FD080E
:10DE20001B0831081A6504071C040309041A031CA3
:08DE3000803FAA01410000003F
:040000050800018965
:00000001FF
